Color	Type	SKU	Description	Base Price
CSW	BASE CABINETS	CSW-B09FHD	"Full Height Base Cabinet 9""W × 34 1/2""H × 24""D"	83.67
CSW	BASE CABINETS	CSW-B12	"Base Cabinet 12""W × 34 1/2""H × 24""D"	121.55
CSW	BASE CABINETS	CSW-B15	"Base Cabinet 15""W × 34 1/2""H × 24""D"	127.17
CSW	BASE CABINETS	CSW-B18	"Base Cabinet 18""W × 34 1/2""H × 24""D"	137.93
CSW	BASE CABINETS	CSW-B21	"Base Cabinet 21""W × 34 1/2""H × 24""D"	149.18
CSW	BASE CABINETS	CSW-B24	"Base Cabinet 24""W × 34 1/2""H × 24""D"	171.42
CSW	BASE CABINETS	CSW-B27	"Base Cabinet 27""W × 34 1/2""H × 24""D"	179.97
CSW	BASE CABINETS	CSW-B30	"Base Cabinet 30""W × 34 1/2""H × 24""D"	209.8
CSW	BASE CABINETS	CSW-B33	"Base Cabinet 33""W × 34 1/2""H × 24""D"	220.8
CSW	BASE CABINETS	CSW-B36	"Base Cabinet 36""W × 34 1/2""H × 24""D"	234.97
CSW	BASE CABINETS	CSW-B39	"Base Cabinet 36""W × 34 1/2""H × 24""D"	239.86
CSW	BASE CABINETS	CSW-B42	"Base Cabinet 42""W × 34 1/2""H × 24""D"	259.17
CSW	DRAWER BASE CABINETS	CSW-DB12	"3 Drawer Base Cabinet 12""W × 34 1/2""H × 24""D"	168 
CSW	DRAWER BASE CABINETS	CSW-DB15	"3 Drawer Base Cabinet 15""W × 34 1/2""H × 24""D"	184.62
CSW	DRAWER BASE CABINETS	CSW-DB18	"3 Drawer Base Cabinet 18""W × 34 1/2""H × 24""D"	197.57
CSW	DRAWER BASE CABINETS	CSW-DB21	"3 Drawer Base Cabinet 21""W × 34 1/2""H × 24""D"	207.84
CSW	DRAWER BASE CABINETS	CSW-DB24	"3 Drawer Base Cabinet 24""W × 34 1/2""H × 24""D"	214.44
CSW	DRAWER BASE CABINETS	CSW-DB27	"3 Drawer Base Cabinet 30""W × 34 1/2""H × 24""D"	240.68
CSW	DRAWER BASE CABINETS	CSW-DB30	"3 Drawer Base Cabinet 30""W × 34 1/2""H × 24""D"	249.4
CSW	DRAWER BASE CABINETS	CSW-DB33	"3 Drawer Base Cabinet 30""W × 34 1/2""H × 24""D"	257.95
CSW	DRAWER BASE CABINETS	CSW-DB36	"3 Drawer Base Cabinet 36""W × 34 1/2""H × 24""D"	280.2
CSW	CORNER BASE CABINETS	CSW-LS33	"Lazy Susan Base Cabinet 33""W × 34 1/2""H × 24""D "	288.75
CSW	CORNER BASE CABINETS	CSW-LS36	"Lazy Susan Base Cabinet 36""W × 34 1/2""H × 24""D "	307.82
CSW	CORNER BASE CABINETS	CSW-DCSB36	"Diagonal Corner Sink Base Cabinet 36""W × 34 1/2""H × 24""D"	150.4
CSW	CORNER BASE CABINETS	CSW-BLB36	"Blind Base Corner Cabinet, Pull to 39"" 36""W × 34 1/2""H × 24""D"	202.24
CSW	CORNER BASE CABINETS	CSW-BLB39	"Blind Base Corner Cabinet, Pull to 42"" 36""W × 34 1/2""H × 24""D"	206.61
CSW	CORNER BASE CABINETS	CSW-BLB42	"Blind Base Corner Cabinet, Pull to 45"" 42""W × 34 1/2""H × 24""D"	215.52
CSW	SINK BASE CABINETS	CSW-SB24	"Sink Base Cabinet 30""W × 34 1/2""H × 24""D"	163.35
CSW	SINK BASE CABINETS	CSW-SB27	"Sink Base Cabinet 30""W × 34 1/2""H × 24""D"	166.04
CSW	SINK BASE CABINETS	CSW-SB30	"Sink Base Cabinet 30""W × 34 1/2""H × 24""D"	176.8
CSW	SINK BASE CABINETS	CSW-SB33	"Sink Base Cabinet 33""W × 34 1/2""H × 24""D"	192.93
CSW	SINK BASE CABINETS	CSW-SB36	"Sink Base Cabinet 36""W × 34 1/2""H × 24""D"	198.55
CSW	SINK BASE CABINETS	CSW-SB39	"Sink Base Cabinet 36""W × 34 1/2""H × 24""D"	214.69
CSW	SINK BASE CABINETS	CSW-SB42	"Sink Base Cabinet 42""W × 34 1/2""H × 24""D"	225.44
CSW	SINK BASE CABINETS	CSW-APSB33	"Apron Sink Base Cabinet 36""W × 34 1/2""H × 24""D"	159.93
CSW	SINK BASE CABINETS	CSW-APSB36	"Apron Sink Base Cabinet 36""W × 34 1/2""H × 24""D"	186.08
CSW	SPICE& TRASH PULL OUT BASE CABINETS	CSW-BSP06	"Base spice rack pull out cabinet 6""W × 34 1/2""H × 24""D"	95.11
CSW	SPICE& TRASH PULL OUT BASE CABINETS	CSW-BSDC6	"Base spice rack pull out cabinet 6""W × 34 1/2""H × 24""D"	95.89
CSW	SPICE& TRASH PULL OUT BASE CABINETS	CSW-BSR09S	"Base spice rack pull out cabinet 6""W × 34 1/2""H × 24""D"	152.74
CSW	SPICE& TRASH PULL OUT BASE CABINETS	CSW-BWBK18-2A	"Base trash pull out cabinet 6""W × 34 1/2""H × 24""D"	152.74
CSW	MICROWAVE BASE CABINETS	CSW-BM30	"Base microwave cabinet 1 drawer 30""W × 34 1/2""H × 24""D"	178.78
CSW	WALL CABINETS	CSW-W0930	Wall cabinet 9"W x 30"H x 12"D	61.3
CSW	WALL CABINETS	CSW-W1230	Wall cabinet 12"W x 30"H x 12"D	74.87
CSW	WALL CABINETS	CSW-W1530	Wall cabinet 15"W x 30"H x 12"D	83.18
CSW	WALL CABINETS	CSW-W1830	Wall cabinet 18"W x 30"H x 12"D	100.34
CSW	WALL CABINETS	CSW-W2130	Wall cabinet 21"W x 30"H x 12"D	104.44
CSW	WALL CABINETS	CSW-W2430	Wall cabinet 24"W x 30"H x 12"D	123.92
CSW	WALL CABINETS	CSW-W2730	Wall cabinet 27"W x 30"H x 12"D	131.09
CSW	WALL CABINETS	CSW-W3030	Wall cabinet 30"W x 30"H x 12"D	139.64
CSW	WALL CABINETS	CSW-W3330	Wall cabinet 33"W x 30"H x 12"D	151.62
CSW	WALL CABINETS	CSW-W3630	Wall cabinet 36"W x 30"H x 12"D	160.67
CSW	WALL CABINETS	CSW-W3930	Wall cabinet 39"W x 30"H x 12"D	165.8
CSW	WALL CABINETS	CSW-W4230	Wall cabinet 42"W x 30"H x 12"D	184.87
CSW	WALL CABINETS	CSW-W0936	Wall cabinet 9"W x 36"H x 12"D	72.34
CSW	WALL CABINETS	CSW-W1236	Wall cabinet 12"W x 36"H x 12"D	90.75
CSW	WALL CABINETS	CSW-W1536	Wall cabinet 15"W x 36"H x 12"D	104.72
CSW	WALL CABINETS	CSW-W1836	Wall cabinet 18"W x 36"H x 12"D	111.28
CSW	WALL CABINETS	CSW-W2136	Wall cabinet 21"W x 36"H x 12"D	131.5
CSW	WALL CABINETS	CSW-W2436	Wall cabinet 24"W x 36"H x 12"D	139.32
CSW	WALL CABINETS	CSW-W2736	Wall cabinet 27"W x 36"H x 12"D	156.86
CSW	WALL CABINETS	CSW-W3036	Wall cabinet 30"W x 36"H x 12"D	168.15
CSW	WALL CABINETS	CSW-W3336	Wall cabinet 33"W x 36"H x 12"D	173.62
CSW	WALL CABINETS	CSW-W3636	Wall cabinet 36"W x 36"H x 12"D	184.62
CSW	WALL CABINETS	CSW-W3936	Wall cabinet 39"W x 36"H x 12"D	195.62
CSW	WALL CABINETS	CSW-W4236	Wall cabinet 42"W x 36"H x 12"D	206.62
CSW	WALL CABINETS	CSW-W0942	Wall cabinet 9"W x 42"H x 12"D	77.94
CSW	WALL CABINETS	CSW-W1242	Wall cabinet 12"W x 42"H x 12"D	96.13
CSW	WALL CABINETS	CSW-W1542	Wall cabinet 15"W x 42"H x 12"D	111.96
CSW	WALL CABINETS	CSW-W1842	Wall cabinet 18"W x 42"H x 12"D	126.12
CSW	WALL CABINETS	CSW-W2142	Wall cabinet 21"W x 42"H x 12"D	140.26
CSW	WALL CABINETS	CSW-W2442	Wall cabinet 24"W x 42"H x 12"D	156.82
CSW	WALL CABINETS	CSW-W2742	Wall cabinet 27"W x 42"H x 12"D	171.91
CSW	WALL CABINETS	CSW-W3042	Wall cabinet 30"W x 42"H x 12"D	185.11
CSW	WALL CABINETS	CSW-W3342	Wall cabinet 33"W x 42"H x 12"D	197.82
CSW	WALL CABINETS	CSW-W3642	Wall cabinet 36"W x 42"H x 12"D	212.24
CSW	WALL CABINETS	CSW-W3942	Wall cabinet 39"W x 42"H x 12"D	216.64
CSW	WALL CABINETS	CSW-W4242	Wall cabinet 42"W x 42"H x 12"D	219.33
CSW	WALL BLIND CABINETS	CSW-WBC3630	"Wall blind corner cabinet 27""W x 30""H x 12""D"	150
CSW	WALL BLIND CABINETS	CSW-WBC3636	"Wall blind corner cabinet 27""W x 36""H x 12""D"	170
CSW	WALL BLIND CABINETS	CSW-WBC3642	"Wall blind corner cabinet 27""W x 42""H x 12""D"	190
CSW	WALL CORNER CABINETS	CSW-WDC2430	"Wall diagonal corner cabinet 24""W x 30""H x 12""D"	151.37
CSW	WALL CORNER CABINETS	CSW-WDC2436	"Wall diagonal corner cabinet 24""W x 36""H x 12""D"	170.44
CSW	WALL CORNER CABINETS	CSW-WDC2442	"Wall diagonal corner cabinet 24""W x 42""H x 12""D"	196.35
CSW	WALL CORNER CABINETS	CSW-WDC2730	"Wall diagonal corner cabinet 24""W x 30""H x 12""D"	162.86
CSW	WALL CORNER CABINETS	CSW-WDC2736	"Wall diagonal corner cabinet 24""W x 36""H x 12""D"	179.73
CSW	WALL CORNER CABINETS	CSW-WDC2742	"Wall diagonal corner cabinet 24""W x 42""H x 12""D"	207.35
CSW	WALL CORNER CABINETS	CSW-WDC2430GD	"Wall diagonal corner cabinet 24""W x 30""H x 12""D"	177.53
CSW	WALL CORNER CABINETS	CSW-WDC2436GD	"Wall diagonal corner cabinet 24""W x 36""H x 12""D"	183.64
CSW	WALL CORNER CABINETS	CSW-WDC2442GD	"Wall diagonal corner cabinet 24""W x 42""H x 12""D"	209.55
CSW	WALL CORNER CABINETS	CSW-WDC2412GD	"Wall diagonal corner cabinet 24""W x 42""H x 12""D"	207.35
CSW	EASY REACH WALL CABINETS	CSW-WDC2430	"Wall diagonal corner cabinet 24""W x 30""H x 12""D"	123.81
CSW	EASY REACH WALL CABINETS	CSW-WDC2436	"Wall diagonal corner cabinet 24""W x 36""H x 12""D"	133.37
CSW	EASY REACH WALL CABINETS	CSW-WDC2442	"Wall diagonal corner cabinet 24""W x 42""H x 12""D"	153.18
CSW	MICROWAVE WALL CABINETS	CSW-WM303024	Microwave Wall 30"H	175.52 
CSW	MICROWAVE WALL CABINETS	CSW-WM303624	Microwave Wall 36"H	202.86
CSW	MICROWAVE WALL CABINETS	CSW-WM304224	Microwave Wall 42"H	209.64
CSW	MICROWAVE WALL CABINETS	CSW-WEC1230 	Wall end corner 30"H	93.44
CSW	MICROWAVE WALL CABINETS	CSW-WEC1236 	Wall end corner 36"H	104.2
CSW	MICROWAVE WALL CABINETS	CSW-WEC1242	Wall end corner 42"H	114.71
CSW	BRIDGE CABINETS	CSW-W3012	Wall cabinet 30"W x 12"H x 12"D	87.82
CSW	BRIDGE CABINETS	CSW-W3015	Wall cabinet 30"W x 15"H x 12"D	89.77
CSW	BRIDGE CABINETS	CSW-W3018	Wall cabinet 30"W x 18"H x 12"D	100.92
CSW	BRIDGE CABINETS	CSW-W3024	Wall cabinet 30"W x 24"H x 12"D	115.69
CSW	BRIDGE CABINETS	CSW-W3312	Wall cabinet 33"W x 12"H x 12"D	97.6
CSW	BRIDGE CABINETS	CSW-W3315	Wall cabinet 33"W x 15"H x 12"D	98.82
CSW	BRIDGE CABINETS	CSW-W3318	Wall cabinet 33"W x 18"H x 12"D	109.57
CSW	BRIDGE CABINETS	CSW-W3324	Wall cabinet 33"W x 24"H x 12"D	120.33
CSW	BRIDGE CABINETS	CSW-W3612	Wall cabinet 36"W x 12"H x 12"D	101.51
CSW	BRIDGE CABINETS	CSW-W3615	Wall cabinet 36"W x 15"H x 12"D	104.2
CSW	BRIDGE CABINETS	CSW-W3618	Wall cabinet 36"W x 18"H x 12"D	112.27
CSW	BRIDGE CABINETS	CSW-W3624	Wall cabinet 36"W x 24"H x 12"D	135.49
CSW	18" STACK CABINETS	CSW-W1218	Wall cabinet 12"W x 18"H x 12"D	70.58
CSW	18" STACK CABINETS	CSW-W1518	Wall cabinet 15"W x 18"H x 12"D	76.04
CSW	18" STACK CABINETS	CSW-W1818	Wall cabinet 18"W x 18"H x 12"D	80.26
CSW	18" STACK CABINETS	CSW-W2118	Wall cabinet 21"W x 18"H x 12"D	85.62
CSW	18" STACK CABINETS	CSW-W2418	Wall cabinet 24"W x 18"H x 12"D	94.02
CSW	18" STACK CABINETS	CSW-W2718	Wall cabinet 27"W x 18"H x 12"D	97.48
CSW	GLASS CABINETS UPPERS	CSW-W1530GD	Wall cabinet 30"W x 12"H x 12"D	83.18
CSW	GLASS CABINETS UPPERS	CSW-W1830GD	Wall cabinet 30"W x 15"H x 12"D	93.93
CSW	GLASS CABINETS UPPERS	CSW-W2430GD	Wall cabinet 30"W x 18"H x 12"D	118.62
CSW	GLASS CABINETS UPPERS	CSW-W3030GD	Wall cabinet 30"W x 24"H x 12"D	139.64
CSW	GLASS CABINETS UPPERS	CSW-W3630GD	Wall cabinet 33"W x 12"H x 12"D	160.67
CSW	GLASS CABINETS UPPERS	CSW-W1536GD	Wall cabinet 30"W x 12"H x 12"D	95.89
CSW	GLASS CABINETS UPPERS	CSW-W1836GD	Wall cabinet 30"W x 15"H x 12"D	104.69
CSW	GLASS CABINETS UPPERS	CSW-W2436GD	Wall cabinet 30"W x 18"H x 12"D	138.42
CSW	GLASS CABINETS UPPERS	CSW-W3036GD	Wall cabinet 30"W x 24"H x 12"D	161.15
CSW	GLASS CABINETS UPPERS	CSW-W3636        GD	Wall cabinet 33"W x 12"H x 12"D	184.62
CSW	GLASS CABINETS UPPERS	CSW-W1542GD	Wall cabinet 33"W x 15"H x 12"D	108.11
CSW	GLASS CABINETS UPPERS	CSW-W1842GD	Wall cabinet 33"W x 18"H x 12"D	122.53
CSW	GLASS CABINETS UPPERS	CSW-W2442GD	Wall cabinet 33"W x 24"H x 12"D	154.4
CSW	GLASS CABINETS UPPERS	CSW-W3042GD	Wall cabinet 30"W x 24"H x 12"D	181.11
CSW	GLASS CABINETS UPPERS	CSW-W3642GD	Wall cabinet 33"W x 12"H x 12"D	212.24
CSW	GLASS CABINETS STACKS	CSW-W1212GD	Wall cabinet 30"W x 12"H x 12"D	57.58
CSW	GLASS CABINETS STACKS	CSW-W1512GD	Wall cabinet 30"W x 15"H x 12"D	61.3
CSW	GLASS CABINETS STACKS	CSW-W1812GD	Wall cabinet 30"W x 18"H x 12"D	66.06
CSW	GLASS CABINETS STACKS	CSW-W2112GD	Wall cabinet 30"W x 24"H x 12"D	75.33
CSW	GLASS CABINETS STACKS	CSW-W2412GD	Wall cabinet 33"W x 12"H x 12"D	80.5
CSW	GLASS CABINETS STACKS	CSW-W2712GD	Wall cabinet 30"W x 12"H x 12"D	79.75
CSW	GLASS CABINETS STACKS	CSW-W3012GD	Wall cabinet 30"W x 15"H x 12"D	81.95
CSW	GLASS CABINETS STACKS	CSW-W3312GD	Wall cabinet 30"W x 18"H x 12"D	84.16
CSW	GLASS CABINETS STACKS	CSW-W3612GD	Wall cabinet 30"W x 24"H x 12"D	86.36
CSW	VANITY CABINETS	CSW-VSB24	"Vanity sink base cabinet 24""W × 34.5""H × 21""D"	90.58
CSW	VANITY CABINETS	CSW-VSB27	"Vanity sink base cabinet 27""W × 34.5""H × 21""D"	97.46
CSW	VANITY CABINETS	CSW-VSB30	"Vanity sink base cabinet 30""W × 34.5""H × 21""D"	105.36
CSW	VANITY CABINETS	CSW-VSB33	"Vanity sink base cabinet 33""W × 34.5""H × 21""D"	112.59
CSW	VANITY CABINETS	CSW-VSB36	"Vanity sink base cabinet 36""W × 34.5""H × 21""D"	119.81
CSW	VANITY CABINETS	CSW-VSDB42	Center sink vanity cabinet, one drawer on each side 42"W × 34.5"H × 21"D	173.23
CSW	VANITY CABINETS	CSW-VDB12	"Vanity drawer base cabinet 12""W × 34.5""H × 21""D"	132.8
CSW	VANITY CABINETS	CSW-VDB15	"Vanity drawer base cabinet 15""W × 34.5""H × 21""D"	148.37
CSW	VANITY CABINETS	CSW-VDB18	"Vanity drawer base cabinet 18""W × 34.5""H × 21""D"	157.98
CSW	VANITY CABINETS	CSW-V3621DL	"Vanity sink base cabinet, drawers on left 36""W x 34.5""H x 21""D"	169.39
CSW	VANITY CABINETS	CSW-V3621DR	"Vanity sink base cabinet, drawers on right 36""W x 34.5""H x 21""D"	169.39
CSW	TALL CABINETS	CSW-UC1884	Pantry cabinet 18"W × 84"H × 24"D	226.35
CSW	TALL CABINETS	CSW-UC1890	Pantry cabinet 18"W × 90"H × 24"D 	234.08
CSW	TALL CABINETS	CSW-UC1896	Pantry cabinet 18"W × 96"H × 24"D	245.01
CSW	TALL CABINETS	CSW-UC2484	Pantry cabinet 24"W × 84"H × 24"D	267.36
CSW	TALL CABINETS	CSW-UC2490	Pantry cabinet 24"W × 90"H × 24"D	278.11
CSW	TALL CABINETS	CSW-UC2496	Pantry cabinet 24"W × 96"H × 24"D	291.89
CSW	TALL CABINETS	CSW-OC3384	Oven Cabinet 33"W × 84"H × 24"D	330.37
CSW	TALL CABINETS	CSW-OC3390	Oven Cabinet 33"W × 90"H × 24"D	363.48
CSW	TALL CABINETS	CSW-OC3396	Oven Cabinet 33"W × 96"H × 24"D	390.03
CSW	WALL ACCESSORY CABINETS	CSW-WH30	Range hood front 30"W	84.28
CSW	WALL ACCESSORY CABINETS	CSW-WH36	Range hood front 36"W	97.43
CSW	WALL ACCESSORY CABINETS	CSW-WR3018	"Wall wine rack cabinet 30""W × 18""H × 12""D "	72.76
CSW	FILLERS & MOLDINGS	CSW-WF330	Wall Fillers  3"W x 30"H	8.4
CSW	FILLERS & MOLDINGS	CSW-WF336	Wall Fillers  3"W x 36"H	9.52
CSW	FILLERS & MOLDINGS	CSW-WF342	Wall Fillers  3"W x 42"H	10.5
CSW	FILLERS & MOLDINGS	CSW-WF642	Wall Fillers  6"W x 42"H	20.44
CSW	FILLERS & MOLDINGS	CSW-TF396	Tall Fillers  3"W x 96"H	23.15
CSW	FILLERS & MOLDINGS	CSW-TF696	Tall Fillers  6"W x 96"H	50.96
CSW	FILLERS & MOLDINGS	CSW-REP396	"Refrigerator Panel  3""W × 96""H × 24''D"	66.98
CSW	FILLERS & MOLDINGS	CSW-BP4296	"Finish Panel  42''W x 96''H x 1/4''D"	56.28 
CSW	FILLERS & MOLDINGS	CSW-DWR3	"Dishwasher End Panel 3""W × 34 1/2""H × 24''D"	26.35
CSW	FILLERS & MOLDINGS	CSW-OCM8	"Outside Corner Molding 1""W x 96""H x 1""D"	15.06
CSW	FILLERS & MOLDINGS	CSW-QRM8	"Quarter Round Molding 3/4""W × 96""H × 3/4""D"	11.29
CSW	FILLERS & MOLDINGS	CSW-BM8	"Batten Molding 3/4""W × 96""H × 1/4""D"	6.78
CSW	FILLERS & MOLDINGS	CSW-TK96	"Toe Kick 96""W × 4 1/2""H × 1/4""D"	7.28
CSW	FILLERS & MOLDINGS	CSW-SM8	"Scribe Molding 3/4""W × 96""H × 1/4""D"	6.78
CSW	FILLERS & MOLDINGS	CSW-FBM8	"Furniture Base Molding 96""W × 4 1/2""H × 5/8""D"	32.56
CSW	FILLERS & MOLDINGS	CSW-KD24/30	Knee Drawer	63.89
CSW	FILLERS & MOLDINGS	CSW-KD30/36	Knee Drawer	71.04
CSW	FILLERS & MOLDINGS	CSW-CB7X9	Decorative Corbel	21
CSW	FILLERS & MOLDINGS	CSW-COV	Cove Crown Molding	48.56
CSW	FILLERS & MOLDINGS	CSW-CCM	Classic Crown Molding	48.56
CSW	FILLERS & MOLDINGS	CSW-BSK	"Base Skin Panel 23 1/4""W × 34 1/2""H × 1/4""D"	11.29
CSW	FILLERS & MOLDINGS	CSW-WS42	"Wall Skin Panel 15""W × 42""H × 1/4""D"	9.8
CSW	FILLERS & MOLDINGS	CSW-TLRM8	Light Rail Molding	34.82
CSW	FILLERS & MOLDINGS	CSW-RPAV30	30"W Valance	21.28
CSW	FILLERS & MOLDINGS	CSW-RPAV36	36"W Valance	22.4
CSW	FILLERS & MOLDINGS	CSW-RPAV42	42"W Valance	25.2
CSW	FILLERS & MOLDINGS	CSW-TUK	Touch Up Kit	9.8
CSW	FILLERS & MOLDINGS	CSW-SD	Sample Door	10
MW	BASE CABINETS	MW-B09FHD	"Full Height Base Cabinet 9""W × 34 1/2""H × 24""D"	52.67
MW	BASE CABINETS	MW-B12	"Base Cabinet 12""W × 34 1/2""H × 24""D"	75.46
MW	BASE CABINETS	MW-B15	"Base Cabinet 15""W × 34 1/2""H × 24""D"	85.32
MW	BASE CABINETS	MW-B18	"Base Cabinet 18""W × 34 1/2""H × 24""D"	93.02
MW	BASE CABINETS	MW-B21	"Base Cabinet 21""W × 34 1/2""H × 24""D"	101.02
MW	BASE CABINETS	MW-B24	"Base Cabinet 24""W × 34 1/2""H × 24""D"	112.42
MW	BASE CABINETS	MW-B27	"Base Cabinet 27""W × 34 1/2""H × 24""D"	121.66
MW	BASE CABINETS	MW-B30	"Base Cabinet 30""W × 34 1/2""H × 24""D"	133.67
MW	BASE CABINETS	MW-B33	"Base Cabinet 33""W × 34 1/2""H × 24""D"	152.46
MW	BASE CABINETS	MW-B36	"Base Cabinet 36""W × 34 1/2""H × 24""D"	160.16
MW	BASE CABINETS	MW-B42	"Base Cabinet 42""W × 34 1/2""H × 24""D"	185.42
MW	DRAWER BASE CABINETS	MW-DB12	"3 Drawer Base Cabinet 12""W × 34 1/2""H × 24""D"	129.02
MW	DRAWER BASE CABINETS	MW-DB15	"3 Drawer Base Cabinet 15""W × 34 1/2""H × 24""D"	141.59
MW	DRAWER BASE CABINETS	MW-DB18	"3 Drawer Base Cabinet 18""W × 34 1/2""H × 24""D"	151.21
MW	DRAWER BASE CABINETS	MW-DB21	"3 Drawer Base Cabinet 21""W × 34 1/2""H × 24""D"	160.45
MW	DRAWER BASE CABINETS	MW-DB24	"3 Drawer Base Cabinet 24""W × 34 1/2""H × 24""D"	170.06
MW	DRAWER BASE CABINETS	MW-DB30	"3 Drawer Base Cabinet 30""W × 34 1/2""H × 24""D"	191.87
MW	DRAWER BASE CABINETS	MW-DB36	"3 Drawer Base Cabinet 36""W × 34 1/2""H × 24""D"	218.12
MW	CORNER BASE CABINETS	MW-LS33	"Lazy Susan Base Cabinet 33""W × 34 1/2""H × 24""D "	191.27
MW	CORNER BASE CABINETS	MW-LS36	"Lazy Susan Base Cabinet 36""W × 34 1/2""H × 24""D "	206.67
MW	CORNER BASE CABINETS	MW-BLB36	"Blind Base Corner Cabinet, Pull to 39"" 36""W × 34 1/2""H × 24""D"	138.6
MW	CORNER BASE CABINETS	MW-BLB42	"Blind Base Corner Cabinet, Pull to 45"" 42""W × 34 1/2""H × 24""D"	163.86
MW	SINK BASE CABINETS	MW-SB30	"Sink Base Cabinet 30""W × 34 1/2""H × 24""D"	123.2
MW	SINK BASE CABINETS	MW-SB33	"Sink Base Cabinet 33""W × 34 1/2""H × 24""D"	134.57
MW	SINK BASE CABINETS	MW-SB36	"Sink Base Cabinet 36""W × 34 1/2""H × 24""D"	136.42
MW	SINK BASE CABINETS	MW-APSB36	"Apron Sink Base Cabinet 36""W × 34 1/2""H × 24""D"	163.7
MW	SPICE PULL OUT BASE CABINETS	MW-BSP06	"Base spice rack pull out cabinet 6""W × 34 1/2""H × 24""D"	104.62
MW	MICROWAVE BASE CABINETS	MW-BM30	"Base microwave cabinet 1 drawer 30""W × 34 1/2""H × 24""D"	125.64
MW	WALL CABINETS	MW-W0930	Wall cabinet 9"W x 30"H x 12"D	48.61
MW	WALL CABINETS	MW-W1230	Wall cabinet 12"W x 30"H x 12"D	53.61
MW	WALL CABINETS	MW-W1530	Wall cabinet 15"W x 30"H x 12"D	62.66
MW	WALL CABINETS	MW-W1830	Wall cabinet 18"W x 30"H x 12"D	71.17
MW	WALL CABINETS	MW-W2130	Wall cabinet 21"W x 30"H x 12"D	75.23
MW	WALL CABINETS	MW-W2430	Wall cabinet 24"W x 30"H x 12"D	90.58
MW	WALL CABINETS	MW-W2730	Wall cabinet 27"W x 30"H x 12"D	100.19
MW	WALL CABINETS	MW-W3030	Wall cabinet 30"W x 30"H x 12"D	107.77
MW	WALL CABINETS	MW-W3330	Wall cabinet 33"W x 30"H x 12"D	117.01
MW	WALL CABINETS	MW-W3630	Wall cabinet 36"W x 30"H x 12"D	124.4
MW	WALL CABINETS	MW-W0936	Wall cabinet 9"W x 36"H x 12"D	52.87
MW	WALL CABINETS	MW-W1236	Wall cabinet 12"W x 36"H x 12"D	61
MW	WALL CABINETS	MW-W1536	Wall cabinet 15"W x 36"H x 12"D	70.61
MW	WALL CABINETS	MW-W1836	Wall cabinet 18"W x 36"H x 12"D	79.48
MW	WALL CABINETS	MW-W2136	Wall cabinet 21"W x 36"H x 12"D	92.24
MW	WALL CABINETS	MW-W2436	Wall cabinet 24"W x 36"H x 12"D	102.25
MW	WALL CABINETS	MW-W2736	Wall cabinet 27"W x 36"H x 12"D	106.26
MW	WALL CABINETS	MW-W3036	Wall cabinet 30"W x 36"H x 12"D	121.66
MW	WALL CABINETS	MW-W3336	Wall cabinet 33"W x 36"H x 12"D	133.98
MW	WALL CABINETS	MW-W3636	Wall cabinet 36"W x 36"H x 12"D	144.76
MW	WALL CABINETS	MW-W0942	Wall cabinet 9"W x 42"H x 12"D	61.18
MW	WALL CABINETS	MW-W1242	Wall cabinet 12"W x 42"H x 12"D	69.5
MW	WALL CABINETS	MW-W1542	Wall cabinet 15"W x 42"H x 12"D	82.26
MW	WALL CABINETS	MW-W1842	Wall cabinet 18"W x 42"H x 12"D	93.53
MW	WALL CABINETS	MW-W2142	Wall cabinet 21"W x 42"H x 12"D	102.59
MW	WALL CABINETS	MW-W2442	Wall cabinet 24"W x 42"H x 12"D	123.48
MW	WALL CABINETS	MW-W2742	Wall cabinet 27"W x 42"H x 12"D	132.17
MW	WALL CABINETS	MW-W3042	Wall cabinet 30"W x 42"H x 12"D	142.15
MW	WALL CABINETS	MW-W3342	Wall cabinet 33"W x 42"H x 12"D	152.68
MW	WALL CABINETS	MW-W3642	Wall cabinet 36"W x 42"H x 12"D	164.51
MW	WALL CORNER CABINETS	MW-BLW2730	"Wall blind corner cabinet 27""W x 30""H x 12""D"	86.88
MW	WALL CORNER CABINETS	MW-BLW2736	"Wall blind corner cabinet 27""W x 36""H x 12""D"	97.78
MW	WALL CORNER CABINETS	MW-BLW2742	"Wall blind corner cabinet 27""W x 42""H x 12""D"	113.87
MW	WALL CORNER CABINETS	MW-WDC2430	"Wall diagonal corner cabinet 24""W x 30""H x 12""D"	136.19
MW	WALL CORNER CABINETS	MW-WDC2436	"Wall diagonal corner cabinet 24""W x 36""H x 12""D"	146.71
MW	WALL CORNER CABINETS	MW-WDC2442	"Wall diagonal corner cabinet 24""W x 42""H x 12""D"	168.5
MW	BRIDGE CABINETS	MW-W3012	Wall cabinet 30"W x 12"H x 12"D	60.81
MW	BRIDGE CABINETS	MW-W3015	Wall cabinet 30"W x 15"H x 12"D	67.84
MW	BRIDGE CABINETS	MW-W3018	Wall cabinet 30"W x 18"H x 12"D	73.94
MW	BRIDGE CABINETS	MW-W3024	Wall cabinet 30"W x 24"H x 12"D	88.36
MW	BRIDGE CABINETS	MW-W3612	Wall cabinet 36"W x 12"H x 12"D	66.91
MW	BRIDGE CABINETS	MW-W3615	Wall cabinet 36"W x 15"H x 12"D	72.09
MW	BRIDGE CABINETS	MW-W3618	Wall cabinet 36"W x 18"H x 12"D	80.59
MW	BRIDGE CABINETS	MW-W3624	Wall cabinet 36"W x 24"H x 12"D	104.07
MW	REFRIGERATOR CABINETS	MW-W361224	Wall cabinet 36"W x 12"H x 24"D	85.58
MW	REFRIGERATOR CABINETS	MW-W361524	Wall cabinet 36"W x 15"H x 24"D	90.39
MW	REFRIGERATOR CABINETS	MW-W361824	Wall cabinet 36"W x 18"H x 24"D	97.04
MW	REFRIGERATOR CABINETS	MW-W362424	Wall cabinet 36"W x 24"H x 24"D	126.25
MW	VANITY CABINETS	MW-VSB24	"Vanity sink base cabinet 24""W × 34.5""H × 21""D"	99.63
MW	VANITY CABINETS	MW-VSB27	"Vanity sink base cabinet 27""W × 34.5""H × 21""D"	107.21
MW	VANITY CABINETS	MW-VSB30	"Vanity sink base cabinet 30""W × 34.5""H × 21""D"	115.9
MW	VANITY CABINETS	MW-VSB36	"Vanity sink base cabinet 36""W × 34.5""H × 21""D"	131.8
MW	VANITY CABINETS	MW-VSDB42	Center sink vanity cabinet, one drawer on each side 42"W × 34.5"H × 21"D	190.55
MW	VANITY CABINETS	MW-VDB12	"Vanity drawer base cabinet 12""W × 34.5""H × 21""D"	146.08
MW	VANITY CABINETS	MW-VDB15	"Vanity drawer base cabinet 15""W × 34.5""H × 21""D"	163.21
MW	VANITY CABINETS	MW-VDB18	"Vanity drawer base cabinet 18""W × 34.5""H × 21""D"	173.78
MW	TALL CABINETS	MW-UC1884	Pantry cabinet 18"W × 84"H × 24"D	248.99
MW	TALL CABINETS	MW-UC1890	Pantry cabinet 18"W × 90"H × 24"D 	257.49
MW	TALL CABINETS	MW-UC1896	Pantry cabinet 18"W × 96"H × 24"D	269.51
MW	TALL CABINETS	MW-UC2484	Pantry cabinet 24"W × 84"H × 24"D	294.09
MW	TALL CABINETS	MW-UC2490	Pantry cabinet 24"W × 90"H × 24"D	305.92
MW	TALL CABINETS	MW-UC2496	Pantry cabinet 24"W × 96"H × 24"D	321.08
MW	TALL CABINETS	MW-OC3384	Oven Cabinet 33"W × 84"H × 24"D	363.41
MW	TALL CABINETS	MW-OC3390	Oven Cabinet 33"W × 90"H × 24"D	399.82
MW	TALL CABINETS	MW-OC3396	Oven Cabinet 33"W × 96"H × 24"D	429.03
MW	WALL ACCESSORY CABINETS	MW-WR3018	"Wall wine rack cabinet 30""W × 18""H × 12""D "	80.04
MW	ROLL OUT SHELF	MW-ROT15	15" Roll Out Shelf	58.35
MW	ROLL OUT SHELF	MW-ROT18	18" Roll Out Shelf	61.8
MW	ROLL OUT SHELF	MW-ROT21	21" Roll Out Shelf	66.33
MW	ROLL OUT SHELF	MW-ROT24	24" Roll Out Shelf	70.52
MW	ROLL OUT SHELF	MW-ROT27	27" Roll Out Shelf	74.68
MW	ROLL OUT SHELF	MW-ROT30	30" Roll Out Shelf	79.22
MW	ROLL OUT SHELF	MW-ROT33	33" Roll Out Shelf	83.78
MW	ROLL OUT SHELF	MW-ROT36	36" Roll Out Shelf	88.33
MW	FILLERS & MOLDINGS	MW-WF330	Wall Fillers  3"W x 30"H	9.24
MW	FILLERS & MOLDINGS	MW-WF336	Wall Fillers  3"W x 36"H	10.47
MW	FILLERS & MOLDINGS	MW-WF342	Wall Fillers  3"W x 42"H	11.55
MW	FILLERS & MOLDINGS	MW-WF642	Wall Fillers  6"W x 42"H	22.48
MW	FILLERS & MOLDINGS	MW-TF396	Tall Fillers  3"W x 96"H	25.47
MW	FILLERS & MOLDINGS	MW-TF696	Tall Fillers  6"W x 96"H	56.06
MW	FILLERS & MOLDINGS	MW-REP396	"Refrigerator Panel 3""W × 96""H × 24''D"	73.67
MW	FILLERS & MOLDINGS	MW-BP4296	"Finish Panel  42''W x 96''H x 1/4''D"	61.91
MW	FILLERS & MOLDINGS	MW-DWR3	"Dishwasher End Panel 3""W × 34 1/2""H × 24''D"	28.99
MW	FILLERS & MOLDINGS	MW-WDD1230	Decorative Door For 30" Tall Wall Cabinet 	21.95
MW	FILLERS & MOLDINGS	MW-WDD1236	Decorative Door For 36" Tall Wall Cabinet 	25.47
MW	FILLERS & MOLDINGS	MW-WDD1242	Decorative Door For 42" Tall Wall Cabinet 	28.78
MW	FILLERS & MOLDINGS	MW-BDD24	Decorative Door For 24"D Base Cabinet 	41.06
MW	FILLERS & MOLDINGS	MW-OCM8	"Outside Corner Molding 1""W x 96""H x 1""D"	16.57
MW	FILLERS & MOLDINGS	MW-QRM8	"Quarter Round Molding 3/4""W × 96""H × 3/4""D"	12.42
MW	FILLERS & MOLDINGS	MW-BM8	"Batten Molding 3/4""W × 96""H × 1/4""D"	7.45 
MW	FILLERS & MOLDINGS	MW-TK96	"Toe Kick 96""W × 4 1/2""H × 1/4""D"	8.01
MW	FILLERS & MOLDINGS	MW-SM8	"Scribe Molding 3/4""W × 96""H × 1/4""D"	7.45
MW	FILLERS & MOLDINGS	MW-FBM8	"Furniture Base Molding 96""W × 4 1/2""H × 5/8""D"	35.82
MW	FILLERS & MOLDINGS	MW-CB7X9	Decorative Corbel	23.1
MW	FILLERS & MOLDINGS	MW-COV	Cove Crown Molding	53.42
MW	FILLERS & MOLDINGS	MW-CCM	Classic Crown Molding	53.42
MW	FILLERS & MOLDINGS	MW-BSK	"Base Skin Panel 23 1/4""W × 34 1/2""H × 1/4""D"	12.42
MW	FILLERS & MOLDINGS	MW-WS42	"Wall Skin Panel 15""W × 42""H × 1/4""D"	10.78
MW	FILLERS & MOLDINGS	MW-TLRM8	Light Rail Molding	38.3
MW	FILLERS & MOLDINGS	MW-RPAV30	30"W Valance	23.41
MW	FILLERS & MOLDINGS	MW-RPAV36	36"W Valance	24.64
MW	FILLERS & MOLDINGS	MW-RPAV42	42"W Valance	27.72
MW	FILLERS & MOLDINGS	MW-TUK	Touch Up Kit	10.78
MW	FILLERS & MOLDINGS	MW-SD	Sample Door	10
MG	BASE CABINETS	MG-B09FHD	"Full Height Base Cabinet 9""W × 34 1/2""H × 24""D"	52.67
MG	BASE CABINETS	MG-B12	"Base Cabinet 12""W × 34 1/2""H × 24""D"	75.46
MG	BASE CABINETS	MG-B15	"Base Cabinet 15""W × 34 1/2""H × 24""D"	85.32
MG	BASE CABINETS	MG-B18	"Base Cabinet 18""W × 34 1/2""H × 24""D"	93.02
MG	BASE CABINETS	MG-B21	"Base Cabinet 21""W × 34 1/2""H × 24""D"	101.02
MG	BASE CABINETS	MG-B24	"Base Cabinet 24""W × 34 1/2""H × 24""D"	112.42
MG	BASE CABINETS	MG-B27	"Base Cabinet 27""W × 34 1/2""H × 24""D"	121.66
MG	BASE CABINETS	MG-B30	"Base Cabinet 30""W × 34 1/2""H × 24""D"	133.67
MG	BASE CABINETS	MG-B33	"Base Cabinet 33""W × 34 1/2""H × 24""D"	152.46
MG	BASE CABINETS	MG-B36	"Base Cabinet 36""W × 34 1/2""H × 24""D"	160.16
MG	DRAWER BASE CABINETS	MG-DB12	"3 Drawer Base Cabinet 12""W × 34 1/2""H × 24""D"	129.02
MG	DRAWER BASE CABINETS	MG-DB15	"3 Drawer Base Cabinet 15""W × 34 1/2""H × 24""D"	141.59
MG	DRAWER BASE CABINETS	MG-DB18	"3 Drawer Base Cabinet 18""W × 34 1/2""H × 24""D"	151.21
MG	DRAWER BASE CABINETS	MG-DB21	"3 Drawer Base Cabinet 21""W × 34 1/2""H × 24""D"	160.45
MG	DRAWER BASE CABINETS	MG-DB24	"3 Drawer Base Cabinet 24""W × 34 1/2""H × 24""D"	170.06
MG	DRAWER BASE CABINETS	MG-DB30	"3 Drawer Base Cabinet 30""W × 34 1/2""H × 24""D"	191.87
MG	DRAWER BASE CABINETS	MG-DB36	"3 Drawer Base Cabinet 36""W × 34 1/2""H × 24""D"	218.12
MG	CORNER BASE CABINETS	MG-LS33	"Lazy Susan Base Cabinet 33""W × 34 1/2""H × 24""D "	191.27
MG	CORNER BASE CABINETS	MG-LS36	"Lazy Susan Base Cabinet 36""W × 34 1/2""H × 24""D "	206.67
MG	CORNER BASE CABINETS	MG-BLB36	"Blind Base Corner Cabinet, Pull to 39"" 36""W × 34 1/2""H × 24""D"	138.6
MG	CORNER BASE CABINETS	MG-BLB42	"Blind Base Corner Cabinet, Pull to 45"" 42""W × 34 1/2""H × 24""D"	163.86
MG	SINK BASE CABINETS	MG-SB30	"Sink Base Cabinet 30""W × 34 1/2""H × 24""D"	123.2
MG	SINK BASE CABINETS	MG-SB33	"Sink Base Cabinet 33""W × 34 1/2""H × 24""D"	134.57
MG	SINK BASE CABINETS	MG-SB36	"Sink Base Cabinet 36""W × 34 1/2""H × 24""D"	136.42
MG	SINK BASE CABINETS	MG-APSB36	"Apron Sink Base Cabinet 36""W × 34 1/2""H × 24""D"	163.7
MG	SPICE PULL OUT BASE CABINETS	MG-BSP06	"Base spice rack pull out cabinet 6""W × 34 1/2""H × 24""D"	104.62
MG	MICROWAVE BASE CABINETS	MG-BM30	"Base microwave cabinet 1 drawer 30""W × 34 1/2""H × 24""D"	125.64
MG	WALL CABINETS	MG-W0930	Wall cabinet 9"W x 30"H x 12"D	48.61
MG	WALL CABINETS	MG-W1230	Wall cabinet 12"W x 30"H x 12"D	53.61
MG	WALL CABINETS	MG-W1530	Wall cabinet 15"W x 30"H x 12"D	62.66
MG	WALL CABINETS	MG-W1830	Wall cabinet 18"W x 30"H x 12"D	71.17
MG	WALL CABINETS	MG-W2130	Wall cabinet 21"W x 30"H x 12"D	75.23
MG	WALL CABINETS	MG-W2430	Wall cabinet 24"W x 30"H x 12"D	90.58
MG	WALL CABINETS	MG-W2730	Wall cabinet 27"W x 30"H x 12"D	100.19
MG	WALL CABINETS	MG-W3030	Wall cabinet 30"W x 30"H x 12"D	107.77
MG	WALL CABINETS	MG-W3330	Wall cabinet 33"W x 30"H x 12"D	117.01
MG	WALL CABINETS	MG-W3630	Wall cabinet 36"W x 30"H x 12"D	124.4
MG	WALL CABINETS	MG-W0936	Wall cabinet 9"W x 36"H x 12"D	52.87
MG	WALL CABINETS	MG-W1236	Wall cabinet 12"W x 36"H x 12"D	61
MG	WALL CABINETS	MG-W1536	Wall cabinet 15"W x 36"H x 12"D	70.61
MG	WALL CABINETS	MG-W1836	Wall cabinet 18"W x 36"H x 12"D	79.48
MG	WALL CABINETS	MG-W2136	Wall cabinet 21"W x 36"H x 12"D	92.24
MG	WALL CABINETS	MG-W2436	Wall cabinet 24"W x 36"H x 12"D	102.25
MG	WALL CABINETS	MG-W2736	Wall cabinet 27"W x 36"H x 12"D	106.26
MG	WALL CABINETS	MG-W3036	Wall cabinet 30"W x 36"H x 12"D	121.66
MG	WALL CABINETS	MG-W3336	Wall cabinet 33"W x 36"H x 12"D	133.98
MG	WALL CABINETS	MG-W3636	Wall cabinet 36"W x 36"H x 12"D	144.76
MG	WALL CABINETS	MG-W0942	Wall cabinet 9"W x 42"H x 12"D	61.18
MG	WALL CABINETS	MG-W1242	Wall cabinet 12"W x 42"H x 12"D	69.5
MG	WALL CABINETS	MG-W1542	Wall cabinet 15"W x 42"H x 12"D	82.26
MG	WALL CABINETS	MG-W1842	Wall cabinet 18"W x 42"H x 12"D	93.53
MG	WALL CABINETS	MG-W2142	Wall cabinet 21"W x 42"H x 12"D	102.59
MG	WALL CABINETS	MG-W2442	Wall cabinet 24"W x 42"H x 12"D	123.48
MG	WALL CABINETS	MG-W2742	Wall cabinet 27"W x 42"H x 12"D	132.17
MG	WALL CABINETS	MG-W3042	Wall cabinet 30"W x 42"H x 12"D	142.15
MG	WALL CABINETS	MG-W3342	Wall cabinet 33"W x 42"H x 12"D	152.68
MG	WALL CABINETS	MG-W3642	Wall cabinet 36"W x 42"H x 12"D	164.51
MG	WALL CORNER CABINETS	MG-BLW2730	"Wall blind corner cabinet 27""W x 30""H x 12""D"	86.88
MG	WALL CORNER CABINETS	MG-BLW2736	"Wall blind corner cabinet 27""W x 36""H x 12""D"	97.78
MG	WALL CORNER CABINETS	MG-BLW2742	"Wall blind corner cabinet 27""W x 42""H x 12""D"	113.87 
MG	WALL CORNER CABINETS	MG-WDC2430	"Wall diagonal corner cabinet 24""W x 30""H x 12""D"	136.19
MG	WALL CORNER CABINETS	MG-WDC2436	"Wall diagonal corner cabinet 24""W x 36""H x 12""D"	146.71
MG	WALL CORNER CABINETS	MG-WDC2442	"Wall diagonal corner cabinet 24""W x 42""H x 12""D"	168.5
MG	BRIDGE CABINETS	MG-W3012	Wall cabinet 30"W x 12"H x 12"D	60.81
MG	BRIDGE CABINETS	MG-W3015	Wall cabinet 30"W x 15"H x 12"D	67.84
MG	BRIDGE CABINETS	MG-W3018	Wall cabinet 30"W x 18"H x 12"D	73.94
MG	BRIDGE CABINETS	MG-W3024	Wall cabinet 30"W x 24"H x 12"D	88.36
MG	BRIDGE CABINETS	MG-W3612	Wall cabinet 36"W x 12"H x 12"D	66.91
MG	BRIDGE CABINETS	MG-W3615	Wall cabinet 36"W x 15"H x 12"D	72.09
MG	BRIDGE CABINETS	MG-W3618	Wall cabinet 36"W x 18"H x 12"D	80.59
MG	BRIDGE CABINETS	MG-W3624	Wall cabinet 36"W x 24"H x 12"D	104.07
MG	REFRIGERATOR CABINETS	MG-W361224	Wall cabinet 36"W x 12"H x 24"D	85.58
MG	REFRIGERATOR CABINETS	MG-W361524	Wall cabinet 36"W x 15"H x 24"D	90.39
MG	REFRIGERATOR CABINETS	MG-W361824	Wall cabinet 36"W x 18"H x 24"D	97.04
MG	REFRIGERATOR CABINETS	MG-W362424	Wall cabinet 36"W x 24"H x 24"D	126.25
MG	VANITY CABINETS	MG-VSB24	"Vanity sink base cabinet 24""W × 34.5""H × 21""D"	99.63
MG	VANITY CABINETS	MG-VSB27	"Vanity sink base cabinet 27""W × 34.5""H × 21""D"	107.21
MG	VANITY CABINETS	MG-VSB30	"Vanity sink base cabinet 30""W × 34.5""H × 21""D"	115.9
MG	VANITY CABINETS	MG-VSB36	"Vanity sink base cabinet 36""W × 34.5""H × 21""D"	131.8
MG	VANITY CABINETS	MG-VSDB42	Center sink vanity cabinet, one drawer on each side 42"W × 34.5"H × 21"D	190.55
MG	VANITY CABINETS	MG-VDB12	"Vanity drawer base cabinet 12""W × 34.5""H × 21""D"	146.08
MG	VANITY CABINETS	MG-VDB15	"Vanity drawer base cabinet 15""W × 34.5""H × 21""D"	163.21
MG	VANITY CABINETS	MG-VDB18	"Vanity drawer base cabinet 18""W × 34.5""H × 21""D"	173.78
MG	TALL CABINETS	MG-UC1884	Pantry cabinet 18"W × 84"H × 24"D	248.99
MG	TALL CABINETS	MG-UC1890	Pantry cabinet 18"W × 90"H × 24"D 	257.49
MG	TALL CABINETS	MG-UC1896	Pantry cabinet 18"W × 96"H × 24"D	269.51
MG	TALL CABINETS	MG-UC2484	Pantry cabinet 24"W × 84"H × 24"D	294.09
MG	TALL CABINETS	MG-UC2490	Pantry cabinet 24"W × 90"H × 24"D	305.92
MG	TALL CABINETS	MG-UC2496	Pantry cabinet 24"W × 96"H × 24"D	321.08
MG	TALL CABINETS	MG-OC3384	Oven Cabinet 33"W × 84"H × 24"D	363.41
MG	TALL CABINETS	MG-OC3390	Oven Cabinet 33"W × 90"H × 24"D	399.82
MG	TALL CABINETS	MG-OC3396	Oven Cabinet 33"W × 96"H × 24"D	429.03
MG	WALL ACCESSORY CABINETS	MG-WR3018	"Wall wine rack cabinet 30""W × 18""H × 12""D "	80.04
MG	ROLL OUT SHELF	MG-ROT15	15" Roll Out Shelf	58.35
MG	ROLL OUT SHELF	MG-ROT18	18" Roll Out Shelf	61.8
MG	ROLL OUT SHELF	MG-ROT21	21" Roll Out Shelf	66.33
MG	ROLL OUT SHELF	MG-ROT24	24" Roll Out Shelf	70.52
MG	ROLL OUT SHELF	MG-ROT27	27" Roll Out Shelf	74.68
MG	ROLL OUT SHELF	MG-ROT30	30" Roll Out Shelf	79.22
MG	ROLL OUT SHELF	MG-ROT33	33" Roll Out Shelf	83.78
MG	ROLL OUT SHELF	MG-ROT36	36" Roll Out Shelf	88.33
MG	FILLERS & MOLDINGS	MG-WF330	Wall Fillers  3"W x 30"H	9.24
MG	FILLERS & MOLDINGS	MG-WF336	Wall Fillers  3"W x 36"H	10.47
MG	FILLERS & MOLDINGS	MG-WF342	Wall Fillers  3"W x 42"H	11.55
MG	FILLERS & MOLDINGS	MG-WF642	Wall Fillers  6"W x 42"H	22.48
MG	FILLERS & MOLDINGS	MG-TF396	Tall Fillers  3"W x 96"H	25.47
MG	FILLERS & MOLDINGS	MG-TF696	Tall Fillers  6"W x 96"H	56.06
MG	FILLERS & MOLDINGS	MG-REP396	"Refrigerator Panel  3""W × 96""H × 24''D"	73.67
MG	FILLERS & MOLDINGS	MG-BP4296	"Finish Panel  42''W x 96''H x 1/4''D"	61.91
MG	FILLERS & MOLDINGS	MG-DWR3	"Dishwasher End Panel 3""W × 34 1/2""H × 24''D"	28.99
MG	FILLERS & MOLDINGS	MG-WDD1230	Decorative Door For 30" Tall Wall Cabinet 	21.95
MG	FILLERS & MOLDINGS	MG-WDD1236	Decorative Door For 36" Tall Wall Cabinet 	25.47
MG	FILLERS & MOLDINGS	MG-WDD1242	Decorative Door For 42" Tall Wall Cabinet 	28.78
MG	FILLERS & MOLDINGS	MG-BDD24	Decorative Door For 24"D Base Cabinet 	41.06
MG	FILLERS & MOLDINGS	MG-OCM8	"Outside Corner Molding 1""W x 96""H x 1""D"	16.57
MG	FILLERS & MOLDINGS	MG-QRM8	"Quarter Round Molding 3/4""W × 96""H × 3/4""D"	12.42
MG	FILLERS & MOLDINGS	MG-BM8	"Batten Molding 3/4""W × 96""H × 1/4""D"	7.45
MG	FILLERS & MOLDINGS	MG-TK96	"Toe Kick 96""W × 4 1/2""H × 1/4""D"	8.01
MG	FILLERS & MOLDINGS	MG-SM8	"Scribe Molding 3/4""W × 96""H × 1/4""D"	7.45
MG	FILLERS & MOLDINGS	MG-FBM8	"Furniture Base Molding 96""W × 4 1/2""H × 5/8""D"	35.82
MG	FILLERS & MOLDINGS	MG-CB7X9	Decorative Corbel	23.1
MG	FILLERS & MOLDINGS	MG-COV	Cove Crown Molding	53.42
MG	FILLERS & MOLDINGS	MG-CCM	Classic Crown Molding	53.42
MG	FILLERS & MOLDINGS	MG-BSK	"Base Skin Panel 23 1/4""W × 34 1/2""H × 1/4""D"	12.42
MG	FILLERS & MOLDINGS	MG-WS42	"Wall Skin Panel 15""W × 42""H × 1/4""D"	10.78
MG	FILLERS & MOLDINGS	MG-TLRM8	Light Rail Molding	38.3
MG	FILLERS & MOLDINGS	MG-RPAV30	30"W Valance	23.41
MG	FILLERS & MOLDINGS	MG-RPAV36	36"W Valance	24.64
MG	FILLERS & MOLDINGS	MG-RPAV42	42"W Valance	27.72
MG	FILLERS & MOLDINGS	MG-TUK	Touch Up Kit	10.78
MG	FILLERS & MOLDINGS	MG-SD	Sample Door	10
SW	BASE CABINETS	SW-B09FHD	"Full Height Base Cabinet 9""W × 34 1/2""H × 24""D"	52.67
SW	BASE CABINETS	SW-B12	"Base Cabinet 12""W × 34 1/2""H × 24""D"	75.46
SW	BASE CABINETS	SW-B15	"Base Cabinet 15""W × 34 1/2""H × 24""D"	85.32
SW	BASE CABINETS	SW-B18	"Base Cabinet 18""W × 34 1/2""H × 24""D"	93.02
SW	BASE CABINETS	SW-B21	"Base Cabinet 21""W × 34 1/2""H × 24""D"	101.02
SW	BASE CABINETS	SW-B24	"Base Cabinet 24""W × 34 1/2""H × 24""D"	112.42
SW	BASE CABINETS	SW-B27	"Base Cabinet 27""W × 34 1/2""H × 24""D"	121.66
SW	BASE CABINETS	SW-B30	"Base Cabinet 30""W × 34 1/2""H × 24""D"	133.67 
SW	BASE CABINETS	SW-B33	"Base Cabinet 33""W × 34 1/2""H × 24""D"	152.46
SW	BASE CABINETS	SW-B36	"Base Cabinet 36""W × 34 1/2""H × 24""D"	160.16
SW	BASE CABINETS	SW-B42	"Base Cabinet 42""W × 34 1/2""H × 24""D"	185.42
SW	DRAWER BASE CABINETS	SW-2DB36	"2 Drawer Base Cabinet 36""W × 34 1/2""H × 24""D"	239.93
SW	DRAWER BASE CABINETS	SW-DB12	"3 Drawer Base Cabinet 12""W × 34 1/2""H × 24""D"	129.02
SW	DRAWER BASE CABINETS	SW-DB15	"3 Drawer Base Cabinet 15""W × 34 1/2""H × 24""D"	141.59
SW	DRAWER BASE CABINETS	SW-DB18	"3 Drawer Base Cabinet 18""W × 34 1/2""H × 24""D"	151.21
SW	DRAWER BASE CABINETS	SW-DB21	"3 Drawer Base Cabinet 21""W × 34 1/2""H × 24""D"	160.45
SW	DRAWER BASE CABINETS	SW-DB24	"3 Drawer Base Cabinet 24""W × 34 1/2""H × 24""D"	170.06
SW	DRAWER BASE CABINETS	SW-DB30	"3 Drawer Base Cabinet 30""W × 34 1/2""H × 24""D"	191.87
SW	DRAWER BASE CABINETS	SW-DB36	"3 Drawer Base Cabinet 36""W × 34 1/2""H × 24""D"	218.12
SW	DRAWER BASE CABINETS	SW-FB18	"File Drawer Base Cabinet 18""W × 29 1/2""H × 24""D"	120.68
SW	CORNER BASE CABINETS	SW-LS33	"Lazy Susan Base Cabinet 33""W × 34 1/2""H × 24""D "	191.27
SW	CORNER BASE CABINETS	SW-LS36	"Lazy Susan Base Cabinet 36""W × 34 1/2""H × 24""D "	206.67
SW	CORNER BASE CABINETS	SW-DCSB36	"Diagonal Corner Sink Base Cabinet 36""W × 34 1/2""H × 24""D"	165.44
SW	CORNER BASE CABINETS	SW-BLB36	"Blind Base Corner Cabinet, Pull to 39"" 36""W × 34 1/2""H × 24""D"	138.6
SW	CORNER BASE CABINETS	SW-BLB42	"Blind Base Corner Cabinet, Pull to 45"" 42""W × 34 1/2""H × 24""D"	163.86
SW	SINK BASE CABINETS	SW-SB30	"Sink Base Cabinet 30""W × 34 1/2""H × 24""D"	123.2
SW	SINK BASE CABINETS	SW-SB33	"Sink Base Cabinet 33""W × 34 1/2""H × 24""D"	134.57
SW	SINK BASE CABINETS	SW-SB36	"Sink Base Cabinet 36""W × 34 1/2""H × 24""D"	136.42
SW	SINK BASE CABINETS	SW-SB42	"Sink Base Cabinet 42""W × 34 1/2""H × 24""D"	158.31
SW	SINK BASE CABINETS	SW-APSB36	"Apron Sink Base Cabinet 36""W × 34 1/2""H × 24""D"	163.7
SW	BASE END CABINETS	SW-AB24	"Angle Base Cabinet 2 Doors 24""W × 34 1/2""H × 24""D"	110.33
SW	SPICE PULL OUT BASE CABINETS	SW-BSP06	"Base spice rack pull out cabinet 6""W × 34 1/2""H × 24""D"	104.62
SW	TRASH CAN BASE CABINETS	SW-BTC18-2	Pull Out Trash Can Cabinet, Two Trash Can 18"W × 34 1/2"H × 24"D	218.23
SW	MICROWAVE BASE CABINETS	SW-BM30	"Base microwave cabinet 1 drawer 30""W × 34 1/2""H × 24""D"	125.64
SW	WALL CABINETS	SW-W0930	Wall cabinet 9"W x 30"H x 12"D	48.61
SW	WALL CABINETS	SW-W1230	Wall cabinet 12"W x 30"H x 12"D	53.61
SW	WALL CABINETS	SW-W1530	Wall cabinet 15"W x 30"H x 12"D	62.66
SW	WALL CABINETS	SW-W1830	Wall cabinet 18"W x 30"H x 12"D	71.17
SW	WALL CABINETS	SW-W2130	Wall cabinet 21"W x 30"H x 12"D	75.23
SW	WALL CABINETS	SW-W2430	Wall cabinet 24"W x 30"H x 12"D	90.58
SW	WALL CABINETS	SW-W2730	Wall cabinet 27"W x 30"H x 12"D	100.19
SW	WALL CABINETS	SW-W3030	Wall cabinet 30"W x 30"H x 12"D	107.77
SW	WALL CABINETS	SW-W3330	Wall cabinet 33"W x 30"H x 12"D	117.01
SW	WALL CABINETS	SW-W3630	Wall cabinet 36"W x 30"H x 12"D	124.4
SW	WALL CABINETS	SW-W0936	Wall cabinet 9"W x 36"H x 12"D	52.87
SW	WALL CABINETS	SW-W1236	Wall cabinet 12"W x 36"H x 12"D	61
SW	WALL CABINETS	SW-W1536	Wall cabinet 15"W x 36"H x 12"D	70.61
SW	WALL CABINETS	SW-W1836	Wall cabinet 18"W x 36"H x 12"D	79.48
SW	WALL CABINETS	SW-W2136	Wall cabinet 21"W x 36"H x 12"D	92.24
SW	WALL CABINETS	SW-W2436	Wall cabinet 24"W x 36"H x 12"D	102.25
SW	WALL CABINETS	SW-W2736	Wall cabinet 27"W x 36"H x 12"D	106.26
SW	WALL CABINETS	SW-W3036	Wall cabinet 30"W x 36"H x 12"D	121.66
SW	WALL CABINETS	SW-W3336	Wall cabinet 33"W x 36"H x 12"D	133.98
SW	WALL CABINETS	SW-W3636	Wall cabinet 36"W x 36"H x 12"D	144.76
SW	WALL CABINETS	SW-W0942	Wall cabinet 9"W x 42"H x 12"D	61.18
SW	WALL CABINETS	SW-W1242	Wall cabinet 12"W x 42"H x 12"D	69.5
SW	WALL CABINETS	SW-W1542	Wall cabinet 15"W x 42"H x 12"D	82.26
SW	WALL CABINETS	SW-W1842	Wall cabinet 18"W x 42"H x 12"D	93.53
SW	WALL CABINETS	SW-W2142	Wall cabinet 21"W x 42"H x 12"D	102.59
SW	WALL CABINETS	SW-W2442	Wall cabinet 24"W x 42"H x 12"D	123.48
SW	WALL CABINETS	SW-W2742	Wall cabinet 27"W x 42"H x 12"D	132.17
SW	WALL CABINETS	SW-W3042	Wall cabinet 30"W x 42"H x 12"D	142.15
SW	WALL CABINETS	SW-W3342	Wall cabinet 33"W x 42"H x 12"D	152.68
SW	WALL CABINETS	SW-W3642	Wall cabinet 36"W x 42"H x 12"D	164.51
SW	GLASS DOOR WALL CABINETS	SW-GDW1212	"Glass Door Wall Cabinet 12""W x 12""H x 12""D"	41.07
SW	GLASS DOOR WALL CABINETS	SW-GDW1512	"Glass Door Wall Cabinet 15""W x 12""H x 12""D"	47.71
SW	GLASS DOOR WALL CABINETS	SW-GDW1530	"Glass Door Wall Cabinet 15""W x 30""H x 12""D"	73.51
SW	GLASS DOOR WALL CABINETS	SW-GDW1536	"Glass Door Wall Cabinet 15""W x 36""H x 12""D"	86.45
SW	GLASS DOOR WALL CABINETS	SW-GDW1542	"Glass Door Wall Cabinet 15""W x 42""H x 12""D"	99.08
SW	GLASS DOOR WALL CABINETS	SW-GDW1812	"Glass Door Wall Cabinet 18""W x 12""H x 12""D"	54.07
SW	GLASS DOOR WALL CABINETS	SW-GDW1830	"Glass Door Wall Cabinet 18""W x 30""H x 12""D"	83.72
SW	GLASS DOOR WALL CABINETS	SW-GDW1836	"Glass Door Wall Cabinet 18""W x 36""H x 12""D"	96.42
SW	GLASS DOOR WALL CABINETS	SW-GDW1842	"Glass Door Wall Cabinet 18""W x 42""H x 12""D"	109.44
SW	GLASS DOOR WALL CABINETS	SW-GDW2112	"Glass Door Wall Cabinet 21""W x 12""H x 12""D"	67.88
SW	GLASS DOOR WALL CABINETS	SW-GDW2412	"Glass Door Wall Cabinet 24""W x 12""H x 12""D"	81.69
SW	GLASS DOOR WALL CABINETS	SW-GDW2430	"Glass Door Wall Cabinet 24""W x 30""H x 12""D"	101.23
SW	GLASS DOOR WALL CABINETS	SW-GDW2436	"Glass Door Wall Cabinet 24""W x 36""H x 12""D"	118.38
SW	GLASS DOOR WALL CABINETS	SW-GDW2442	"Glass Door Wall Cabinet 24""W x 42""H x 12""D"	138.61
SW	GLASS DOOR WALL CABINETS	SW-GDW3012	"Glass Door Wall Cabinet 30""W x 12""H x 12""D"	109.31
SW	GLASS DOOR WALL CABINETS	SW-GDW3030	"Glass Door Wall Cabinet 30""W x 30""H x 12""D"	133.59
SW	GLASS DOOR WALL CABINETS	SW-GDW3036	"Glass Door Wall Cabinet 30""W x 36""H x 12""D"	149.51
SW	GLASS DOOR WALL CABINETS	SW-GDW3042	"Glass Door Wall Cabinet 30""W x 42""H x 12""D"	165.66
SW	GLASS DOOR WALL CABINETS	SW-GDW3612	"Glass Door Wall Cabinet 36""W x 12""H x 12""D"	136.93
SW	WALL CORNER CABINETS	SW-BLW2730	"Wall blind corner cabinet 27""W x 30""H x 12""D"	86.88
SW	WALL CORNER CABINETS	SW-BLW2736	"Wall blind corner cabinet 27""W x 36""H x 12""D"	97.78
SW	WALL CORNER CABINETS	SW-BLW2742	"Wall blind corner cabinet 27""W x 42""H x 12""D"	113.87
SW	WALL CORNER CABINETS	SW-WDC2430	"Wall diagonal corner cabinet 24""W x 30""H x 12""D"	136.19
SW	WALL CORNER CABINETS	SW-WDC2436	"Wall diagonal corner cabinet 24""W x 36""H x 12""D"	146.71
SW	WALL CORNER CABINETS	SW-WDC2442	"Wall diagonal corner cabinet 24""W x 42""H x 12""D"	168.5
SW	GLASS DOOR DIAGONAL WALL CABINETS	SW-GDWDC2430	"Diagonal Wall Glass Door Cabinet 24""W x 30""H x 12""D"	150.46
SW	GLASS DOOR DIAGONAL WALL CABINETS	SW-GDWDC2436	"Diagonal Wall Glass Door Cabinet 24""W x 36""H x 12""D"	165.86
SW	GLASS DOOR DIAGONAL WALL CABINETS	SW-GDWDC2442	"Diagonal Wall Glass Door Cabinet 24""W x 42""H x 12""D"	181.26
SW	BRIDGE CABINETS	SW-W3012	Wall cabinet 30"W x 12"H x 12"D	60.81
SW	BRIDGE CABINETS	SW-W3015	Wall cabinet 30"W x 15"H x 12"D	67.84
SW	BRIDGE CABINETS	SW-W3018	Wall cabinet 30"W x 18"H x 12"D	73.94
SW	BRIDGE CABINETS	SW-W3024	Wall cabinet 30"W x 24"H x 12"D	88.36
SW	BRIDGE CABINETS	SW-W3312	Wall cabinet 33"W x 12"H x 12"D	63.86
SW	BRIDGE CABINETS	SW-W3315	Wall cabinet 33"W x 15"H x 12"D	69.96
SW	BRIDGE CABINETS	SW-W3318	Wall cabinet 33"W x 18"H x 12"D	77.27
SW	BRIDGE CABINETS	SW-W3324	Wall cabinet 33"W x 24"H x 12"D	91.86
SW	BRIDGE CABINETS	SW-W3612	Wall cabinet 36"W x 12"H x 12"D	66.91
SW	BRIDGE CABINETS	SW-W3615	Wall cabinet 36"W x 15"H x 12"D	72.09
SW	BRIDGE CABINETS	SW-W3618	Wall cabinet 36"W x 18"H x 12"D	80.59
SW	BRIDGE CABINETS	SW-W3624	Wall cabinet 36"W x 24"H x 12"D	104.07
SW	REFRIGERATOR CABINETS	SW-W361224	Wall cabinet 36"W x 12"H x 24"D	85.58
SW	REFRIGERATOR CABINETS	SW-W361524	Wall cabinet 36"W x 15"H x 24"D	90.39
SW	REFRIGERATOR CABINETS	SW-W361824	Wall cabinet 36"W x 18"H x 24"D	97.04
SW	REFRIGERATOR CABINETS	SW-W362424	Wall cabinet 36"W x 24"H x 24"D	126.25
SW	MICROWAVE WALL CABINETS	SW-WBMC3030	"Microwave Wall Cabinet 30""W x 30""H x 18""D"	146.77
SW	MICROWAVE WALL CABINETS	SW-WBMC3036	"Microwave Wall Cabinet 30""W x 36""H x 18""D"	167.47
SW	MICROWAVE WALL CABINETS	SW-WBMC3042	"Microwave Wall Cabinet 30""W x 42""H x 18""D"	188.17
SW	VANITY CABINETS	SW-VSB24	"Vanity sink base cabinet 24""W × 34.5""H × 21""D"	99.63 
SW	VANITY CABINETS	SW-VSB27	"Vanity sink base cabinet 27""W × 34.5""H × 21""D"	107.21
SW	VANITY CABINETS	SW-VSB30	"Vanity sink base cabinet 30""W × 34.5""H × 21""D"	115.9
SW	VANITY CABINETS	SW-VSB36	"Vanity sink base cabinet 36""W × 34.5""H × 21""D"	131.8
SW	VANITY CABINETS	SW-VSDB42	Center sink vanity cabinet, one drawer on each side 42"W × 34.5"H × 21"D	190.55
SW	VANITY CABINETS	SW-VDB12	"Vanity drawer base cabinet 12""W × 34.5""H × 21""D"	146.08
SW	VANITY CABINETS	SW-VDB15	"Vanity drawer base cabinet 15""W × 34.5""H × 21""D"	163.21
SW	VANITY CABINETS	SW-VDB18	"Vanity drawer base cabinet 18""W × 34.5""H × 21""D"	173.78
SW	TALL CABINETS	SW-UC1884	Pantry cabinet 18"W × 84"H × 24"D	248.99
SW	TALL CABINETS	SW-UC1890	Pantry cabinet 18"W × 90"H × 24"D 	257.49
SW	TALL CABINETS	SW-UC1896	Pantry cabinet 18"W × 96"H × 24"D	269.51
SW	TALL CABINETS	SW-UC2484	Pantry cabinet 24"W × 84"H × 24"D	294.09
SW	TALL CABINETS	SW-UC2490	Pantry cabinet 24"W × 90"H × 24"D	305.92
SW	TALL CABINETS	SW-UC2496	Pantry cabinet 24"W × 96"H × 24"D	321.08
SW	TALL CABINETS	SW-OC3384	Oven Cabinet 33"W × 84"H × 24"D	363.41
SW	TALL CABINETS	SW-OC3390	Oven Cabinet 33"W × 90"H × 24"D	399.82
SW	TALL CABINETS	SW-OC3396	Oven Cabinet 33"W × 96"H × 24"D	429.03
SW	WALL ACCESSORY CABINETS	SW-WH30	Range hood front 30"W	92.71
SW	WALL ACCESSORY CABINETS	SW-WH36	Range hood front 36"W	107.17
SW	WALL ACCESSORY CABINETS	SW-WR3018	"Wall wine rack cabinet 30""W × 18""H × 12""D "	80.04
SW	ROLL OUT SHELF	SW-ROT15	15" Roll Out Shelf	58.35
SW	ROLL OUT SHELF	SW-ROT18	18" Roll Out Shelf	61.8
SW	ROLL OUT SHELF	SW-ROT21	21" Roll Out Shelf	66.33
SW	ROLL OUT SHELF	SW-ROT24	24" Roll Out Shelf	70.52
SW	ROLL OUT SHELF	SW-ROT27	27" Roll Out Shelf	74.68
SW	ROLL OUT SHELF	SW-ROT30	30" Roll Out Shelf	79.22
SW	ROLL OUT SHELF	SW-ROT33	33" Roll Out Shelf	83.78
SW	ROLL OUT SHELF	SW-ROT36	36" Roll Out Shelf	88.33
SW	FILLERS & MOLDINGS	SW-WF330	Wall Fillers  3"W x 30"H	9.24
SW	FILLERS & MOLDINGS	SW-WF336	Wall Fillers  3"W x 36"H	10.47
SW	FILLERS & MOLDINGS	SW-WF342	Wall Fillers  3"W x 42"H	11.55
SW	FILLERS & MOLDINGS	SW-WF642	Wall Fillers  6"W x 42"H	22.48
SW	FILLERS & MOLDINGS	SW-TF396	Tall Fillers  3"W x 96"H	25.47
SW	FILLERS & MOLDINGS	SW-TF696	Tall Fillers  6"W x 96"H 	56.06
SW	FILLERS & MOLDINGS	SW-REP396	"Refrigerator Panel  3""W × 96""H × 24''D"	73.67
SW	FILLERS & MOLDINGS	SW-BP4296	"Finish Panel  42''W x 96''H x 1/4''D"	61.91
SW	FILLERS & MOLDINGS	SW-DWR3	"Dishwasher End Panel 3""W × 34 1/2""H × 24''D"	28.99
SW	FILLERS & MOLDINGS	SW-WDD1230	Decorative Door For 30" Tall Wall Cabinet 	21.95
SW	FILLERS & MOLDINGS	SW-WDD1236	Decorative Door For 36" Tall Wall Cabinet 	25.47
SW	FILLERS & MOLDINGS	SW-WDD1242	Decorative Door For 42" Tall Wall Cabinet 	28.78
SW	FILLERS & MOLDINGS	SW-BDD24	Decorative Door For 24"D Base Cabinet 	41.06
SW	FILLERS & MOLDINGS	SW-OCM8	"Outside Corner Molding 1""W x 96""H x 1""D"	16.57
SW	FILLERS & MOLDINGS	SW-QRM8	"Quarter Round Molding 3/4""W × 96""H × 3/4""D"	12.42
SW	FILLERS & MOLDINGS	SW-BM8	"Batten Molding 3/4""W × 96""H × 1/4""D"	7.45
SW	FILLERS & MOLDINGS	SW-TK96	"Toe Kick 96""W × 4 1/2""H × 1/4""D"	8.01
SW	FILLERS & MOLDINGS	SW-SM8	"Scribe Molding 3/4""W × 96""H × 1/4""D"	7.45
SW	FILLERS & MOLDINGS	SW-FBM8	"Furniture Base Molding 96""W × 4 1/2""H × 5/8""D"	35.82
SW	FILLERS & MOLDINGS	SW-KD24/30	Knee Drawer	70.27
SW	FILLERS & MOLDINGS	SW-KD30/36	Knee Drawer	78.14
SW	FILLERS & MOLDINGS	SW-CB7X9	Decorative Corbel	23.1
SW	FILLERS & MOLDINGS	SW-COV	Cove Crown Molding	53.42
SW	FILLERS & MOLDINGS	SW-CCM	Classic Crown Molding	53.42
SW	FILLERS & MOLDINGS	SW-BSK	"Base Skin Panel 23 1/4""W × 34 1/2""H × 1/4""D"	12.42
SW	FILLERS & MOLDINGS	SW-WS42	"Wall Skin Panel 15""W × 42""H × 1/4""D"	10.78
SW	FILLERS & MOLDINGS	SW-TLRM8	Light Rail Molding	38.3
SW	FILLERS & MOLDINGS	SW-RPAV30	30"W Valance	23.41
SW	FILLERS & MOLDINGS	SW-RPAV36	36"W Valance	24.64
SW	FILLERS & MOLDINGS	SW-RPAV42	42"W Valance	27.72
SW	FILLERS & MOLDINGS	SW-TUK	Touch Up Kit	10.78
SW	FILLERS & MOLDINGS	SW-CBS	Decorative Corbel	42.56
SW	FILLERS & MOLDINGS	SW-SD	Sample Door	10
SG	BASE CABINETS	SG-B09FHD	"Full Height Base Cabinet 9""W × 34 1/2""H × 24""D"	52.67
SG	BASE CABINETS	SG-B12	"Base Cabinet 12""W × 34 1/2""H × 24""D"	75.46
SG	BASE CABINETS	SG-B15	"Base Cabinet 15""W × 34 1/2""H × 24""D"	85.32
SG	BASE CABINETS	SG-B18	"Base Cabinet 18""W × 34 1/2""H × 24""D"	93.02
SG	BASE CABINETS	SG-B21	"Base Cabinet 21""W × 34 1/2""H × 24""D"	101.02
SG	BASE CABINETS	SG-B24	"Base Cabinet 24""W × 34 1/2""H × 24""D"	112.42
SG	BASE CABINETS	SG-B27	"Base Cabinet 27""W × 34 1/2""H × 24""D"	121.66
SG	BASE CABINETS	SG-B30	"Base Cabinet 30""W × 34 1/2""H × 24""D"	133.67
SG	BASE CABINETS	SG-B33	"Base Cabinet 33""W × 34 1/2""H × 24""D"	152.46
SG	BASE CABINETS	SG-B36	"Base Cabinet 36""W × 34 1/2""H × 24""D"	160.16
SG	BASE CABINETS	SG-B42	"Base Cabinet 42""W × 34 1/2""H × 24""D"	185.42
SG	DRAWER BASE CABINETS	SG-DB12	"3 Drawer Base Cabinet 12""W × 34 1/2""H × 24""D"	129.02
SG	DRAWER BASE CABINETS	SG-DB15	"3 Drawer Base Cabinet 15""W × 34 1/2""H × 24""D"	141.59
SG	DRAWER BASE CABINETS	SG-DB18	"3 Drawer Base Cabinet 18""W × 34 1/2""H × 24""D"	151.21
SG	DRAWER BASE CABINETS	SG-DB21	"3 Drawer Base Cabinet 21""W × 34 1/2""H × 24""D"	160.45
SG	DRAWER BASE CABINETS	SG-DB24	"3 Drawer Base Cabinet 24""W × 34 1/2""H × 24""D"	170.06
SG	DRAWER BASE CABINETS	SG-DB30	"3 Drawer Base Cabinet 30""W × 34 1/2""H × 24""D"	191.87
SG	DRAWER BASE CABINETS	SG-DB36	"3 Drawer Base Cabinet 36""W × 34 1/2""H × 24""D"	218.12
SG	CORNER BASE CABINETS	SG-LS33	"Lazy Susan Base Cabinet 33""W × 34 1/2""H × 24""D "	191.27
SG	CORNER BASE CABINETS	SG-LS36	"Lazy Susan Base Cabinet 36""W × 34 1/2""H × 24""D "	206.67
SG	CORNER BASE CABINETS	SG-BLB36	"Blind Base Corner Cabinet, Pull to 39"" 36""W × 34 1/2""H × 24""D"	138.6
SG	CORNER BASE CABINETS	SG-BLB42	"Blind Base Corner Cabinet, Pull to 45"" 42""W × 34 1/2""H × 24""D"	163.86
SG	SINK BASE CABINETS	SG-SB30	"Sink Base Cabinet 30""W × 34 1/2""H × 24""D"	123.2
SG	SINK BASE CABINETS	SG-SB33	"Sink Base Cabinet 33""W × 34 1/2""H × 24""D"	134.57
SG	SINK BASE CABINETS	SG-SB36	"Sink Base Cabinet 36""W × 34 1/2""H × 24""D"	136.42
SG	SINK BASE CABINETS	SG-APSB36	"Apron Sink Base Cabinet 36""W × 34 1/2""H × 24""D"	163.7
SG	SPICE PULL OUT BASE CABINETS	SG-BSP06	"Base spice rack pull out cabinet 6""W × 34 1/2""H × 24""D"	104.62
SG	MICROWAVE BASE CABINETS	SG-BM30	"Base microwave cabinet 1 drawer 30""W × 34 1/2""H × 24""D"	125.64 
SG	WALL CABINETS	SG-W0930	Wall cabinet 9"W x 30"H x 12"D	48.61
SG	WALL CABINETS	SG-W1230	Wall cabinet 12"W x 30"H x 12"D	53.61
SG	WALL CABINETS	SG-W1530	Wall cabinet 15"W x 30"H x 12"D	62.66
SG	WALL CABINETS	SG-W1830	Wall cabinet 18"W x 30"H x 12"D	71.17
SG	WALL CABINETS	SG-W2130	Wall cabinet 21"W x 30"H x 12"D	75.23
SG	WALL CABINETS	SG-W2430	Wall cabinet 24"W x 30"H x 12"D	90.58
SG	WALL CABINETS	SG-W2730	Wall cabinet 27"W x 30"H x 12"D	100.19
SG	WALL CABINETS	SG-W3030	Wall cabinet 30"W x 30"H x 12"D	107.77
SG	WALL CABINETS	SG-W3330	Wall cabinet 33"W x 30"H x 12"D	117.01
SG	WALL CABINETS	SG-W3630	Wall cabinet 36"W x 30"H x 12"D	124.4
SG	WALL CABINETS	SG-W0936	Wall cabinet 9"W x 36"H x 12"D	52.87
SG	WALL CABINETS	SG-W1236	Wall cabinet 12"W x 36"H x 12"D	61
SG	WALL CABINETS	SG-W1536	Wall cabinet 15"W x 36"H x 12"D	70.61
SG	WALL CABINETS	SG-W1836	Wall cabinet 18"W x 36"H x 12"D	79.48
SG	WALL CABINETS	SG-W2136	Wall cabinet 21"W x 36"H x 12"D	92.24
SG	WALL CABINETS	SG-W2436	Wall cabinet 24"W x 36"H x 12"D	102.25
SG	WALL CABINETS	SG-W2736	Wall cabinet 27"W x 36"H x 12"D	106.26
SG	WALL CABINETS	SG-W3036	Wall cabinet 30"W x 36"H x 12"D	121.66
SG	WALL CABINETS	SG-W3336	Wall cabinet 33"W x 36"H x 12"D	133.98
SG	WALL CABINETS	SG-W3636	Wall cabinet 36"W x 36"H x 12"D	144.76
SG	WALL CABINETS	SG-W0942	Wall cabinet 9"W x 42"H x 12"D	61.18
SG	WALL CABINETS	SG-W1242	Wall cabinet 12"W x 42"H x 12"D	69.5
SG	WALL CABINETS	SG-W1542	Wall cabinet 15"W x 42"H x 12"D	82.26
SG	WALL CABINETS	SG-W1842	Wall cabinet 18"W x 42"H x 12"D	93.53
SG	WALL CABINETS	SG-W2142	Wall cabinet 21"W x 42"H x 12"D	102.59
SG	WALL CABINETS	SG-W2442	Wall cabinet 24"W x 42"H x 12"D	123.48
SG	WALL CABINETS	SG-W2742	Wall cabinet 27"W x 42"H x 12"D	132.17
SG	WALL CABINETS	SG-W3042	Wall cabinet 30"W x 42"H x 12"D	142.15
SG	WALL CABINETS	SG-W3342	Wall cabinet 33"W x 42"H x 12"D	152.68
SG	WALL CABINETS	SG-W3642	Wall cabinet 36"W x 42"H x 12"D	164.51
SG	WALL CORNER CABINETS	SG-BLW2730	"Wall blind corner cabinet 27""W x 30""H x 12""D"	86.88
SG	WALL CORNER CABINETS	SG-BLW2736	"Wall blind corner cabinet 27""W x 36""H x 12""D"	97.78
SG	WALL CORNER CABINETS	SG-BLW2742	"Wall blind corner cabinet 27""W x 42""H x 12""D"	113.87
SG	WALL CORNER CABINETS	SG-WDC2430	"Wall diagonal corner cabinet 24""W x 30""H x 12""D"	136.19
SG	WALL CORNER CABINETS	SG-WDC2436	"Wall diagonal corner cabinet 24""W x 36""H x 12""D"	146.71
SG	WALL CORNER CABINETS	SG-WDC2442	"Wall diagonal corner cabinet 24""W x 42""H x 12""D"	168.5
SG	BRIDGE CABINETS	SG-W3012	Wall cabinet 30"W x 12"H x 12"D	60.81
SG	BRIDGE CABINETS	SG-W3015	Wall cabinet 30"W x 15"H x 12"D	67.84
SG	BRIDGE CABINETS	SG-W3018	Wall cabinet 30"W x 18"H x 12"D	73.94
SG	BRIDGE CABINETS	SG-W3024	Wall cabinet 30"W x 24"H x 12"D	88.36
SG	BRIDGE CABINETS	SG-W3312	Wall cabinet 33"W x 12"H x 12"D	63.86
SG	BRIDGE CABINETS	SG-W3315	Wall cabinet 33"W x 15"H x 12"D	69.96
SG	BRIDGE CABINETS	SG-W3318	Wall cabinet 33"W x 18"H x 12"D	77.27
SG	BRIDGE CABINETS	SG-W3324	Wall cabinet 33"W x 24"H x 12"D	91.86
SG	BRIDGE CABINETS	SG-W3612	Wall cabinet 36"W x 12"H x 12"D	66.91
SG	BRIDGE CABINETS	SG-W3615	Wall cabinet 36"W x 15"H x 12"D	72.09
SG	BRIDGE CABINETS	SG-W3618	Wall cabinet 36"W x 18"H x 12"D	80.59
SG	BRIDGE CABINETS	SG-W3624	Wall cabinet 36"W x 24"H x 12"D	104.07
SG	REFRIGERATOR CABINETS	SG-W361224	Wall cabinet 36"W x 12"H x 24"D	85.58
SG	REFRIGERATOR CABINETS	SG-W361524	Wall cabinet 36"W x 15"H x 24"D	90.39
SG	REFRIGERATOR CABINETS	SG-W361824	Wall cabinet 36"W x 18"H x 24"D	97.04
SG	REFRIGERATOR CABINETS	SG-W362424	Wall cabinet 36"W x 24"H x 24"D	126.25
SG	VANITY CABINETS	SG-VSB24	"Vanity sink base cabinet 24""W × 34.5""H × 21""D"	99.63
SG	VANITY CABINETS	SG-VSB27	"Vanity sink base cabinet 27""W × 34.5""H × 21""D"	107.21
SG	VANITY CABINETS	SG-VSB30	"Vanity sink base cabinet 30""W × 34.5""H × 21""D"	115.9
SG	VANITY CABINETS	SG-VSB36	"Vanity sink base cabinet 36""W × 34.5""H × 21""D"	131.8
SG	VANITY CABINETS	SG-VSDB42	Center sink vanity cabinet, one drawer on each side 42"W × 34.5"H × 21"D	190.55
SG	VANITY CABINETS	SG-VDB12	"Vanity drawer base cabinet 12""W × 34.5""H × 21""D"	146.08
SG	VANITY CABINETS	SG-VDB15	"Vanity drawer base cabinet 15""W × 34.5""H × 21""D"	163.21
SG	VANITY CABINETS	SG-VDB18	"Vanity drawer base cabinet 18""W × 34.5""H × 21""D"	173.78
SG	TALL CABINETS	SG-UC1884	Pantry cabinet 18"W × 84"H × 24"D	248.99
SG	TALL CABINETS	SG-UC1890	Pantry cabinet 18"W × 90"H × 24"D 	257.49
SG	TALL CABINETS	SG-UC1896	Pantry cabinet 18"W × 96"H × 24"D	269.51
SG	TALL CABINETS	SG-UC2484	Pantry cabinet 24"W × 84"H × 24"D	294.09
SG	TALL CABINETS	SG-UC2490	Pantry cabinet 24"W × 90"H × 24"D	305.92
SG	TALL CABINETS	SG-UC2496	Pantry cabinet 24"W × 96"H × 24"D	321.08
SG	TALL CABINETS	SG-OC3384	Oven Cabinet 33"W × 84"H × 24"D	363.41
SG	TALL CABINETS	SG-OC3390	Oven Cabinet 33"W × 90"H × 24"D	399.82
SG	TALL CABINETS	SG-OC3396	Oven Cabinet 33"W × 96"H × 24"D	429.03
SG	WALL ACCESSORY CABINETS	SG-WH30	Range hood front 30"W	92.71
SG	WALL ACCESSORY CABINETS	SG-WH36	Range hood front 36"W	107.17
SG	WALL ACCESSORY CABINETS	SG-WR3018	"Wall wine rack cabinet 30""W × 18""H × 12""D "	80.04
SG	ROLL OUT SHELF	SG-ROT15	15" Roll Out Shelf	58.35
SG	ROLL OUT SHELF	SG-ROT18	18" Roll Out Shelf	61.8
SG	ROLL OUT SHELF	SG-ROT21	21" Roll Out Shelf	66.33
SG	ROLL OUT SHELF	SG-ROT24	24" Roll Out Shelf	70.52
SG	ROLL OUT SHELF	SG-ROT27	27" Roll Out Shelf	74.68
SG	ROLL OUT SHELF	SG-ROT30	30" Roll Out Shelf	79.22
SG	ROLL OUT SHELF	SG-ROT33	33" Roll Out Shelf	83.78
SG	ROLL OUT SHELF	SG-ROT36	36" Roll Out Shelf	88.33
SG	FILLERS & MOLDINGS	SG-WF330	Wall Fillers  3"W x 30"H	9.24
SG	FILLERS & MOLDINGS	SG-WF336	Wall Fillers  3"W x 36"H	10.47
SG	FILLERS & MOLDINGS	SG-WF342	Wall Fillers  3"W x 42"H	11.55
SG	FILLERS & MOLDINGS	SG-WF642	Wall Fillers  6"W x 42"H	22.48
SG	FILLERS & MOLDINGS	SG-TF396	Tall Fillers  3"W x 96"H	25.47
SG	FILLERS & MOLDINGS	SG-TF696	Tall Fillers  6"W x 96"H	56.06
SG	FILLERS & MOLDINGS	SG-REP396	"Refrigerator Panel  3""W × 96""H × 24''D"	73.67
SG	FILLERS & MOLDINGS	SG-BP4296	"Finish Panel  42''W x 96''H x 1/4''D"	61.91
SG	FILLERS & MOLDINGS	SG-DWR3	"Dishwasher End Panel 3""W × 34 1/2""H × 24''D"	28.99
SG	FILLERS & MOLDINGS	SG-WDD1230	Decorative Door For 30" Tall Wall Cabinet 	21.95
SG	FILLERS & MOLDINGS	SG-WDD1236	Decorative Door For 36" Tall Wall Cabinet 	25.47
SG	FILLERS & MOLDINGS	SG-WDD1242	Decorative Door For 42" Tall Wall Cabinet 	28.78
SG	FILLERS & MOLDINGS	SG-BDD24	Decorative Door For 24"D Base Cabinet 	41.06
SG	FILLERS & MOLDINGS	SG-OCM8	"Outside Corner Molding 1""W x 96""H x 1""D"	16.57
SG	FILLERS & MOLDINGS	SG-QRM8	"Quarter Round Molding 3/4""W × 96""H × 3/4""D"	12.42
SG	FILLERS & MOLDINGS	SG-BM8	"Batten Molding 3/4""W × 96""H × 1/4""D"	7.45
SG	FILLERS & MOLDINGS	SG-TK96	"Toe Kick 96""W × 4 1/2""H × 1/4""D"	8.01
SG	FILLERS & MOLDINGS	SG-SM8	"Scribe Molding 3/4""W × 96""H × 1/4""D"	7.45
SG	FILLERS & MOLDINGS	SG-FBM8	"Furniture Base Molding 96""W × 4 1/2""H × 5/8""D"	35.82
SG	FILLERS & MOLDINGS	SG-KD24/30	Knee Drawer	70.27
SG	FILLERS & MOLDINGS	SG-KD30/36	Knee Drawer	78.14
SG	FILLERS & MOLDINGS	SG-CB7X9	Decorative Corbel	23.1
SG	FILLERS & MOLDINGS	SG-COV	Cove Crown Molding	53.42
SG	FILLERS & MOLDINGS	SG-CCM	Classic Crown Molding	53.42
SG	FILLERS & MOLDINGS	SG-BSK	"Base Skin Panel 23 1/4""W × 34 1/2""H × 1/4""D"	12.42
SG	FILLERS & MOLDINGS	SG-WS42	"Wall Skin Panel 15""W × 42""H × 1/4""D"	10.78
SG	FILLERS & MOLDINGS	SG-TLRM8	Light Rail Molding	38.3
SG	FILLERS & MOLDINGS	SG-RPAV30	30"W Valance	23.41
SG	FILLERS & MOLDINGS	SG-RPAV36	36"W Valance	24.64
SG	FILLERS & MOLDINGS	SG-RPAV42	42"W Valance	27.72
SG	FILLERS & MOLDINGS	SG-TUK	Touch Up Kit	10.78
SG	FILLERS & MOLDINGS	SG-SD	Sample Door	10
SE	BASE CABINETS	SE-B09FHD	"Full Height Base Cabinet 9""W × 34 1/2""H × 24""D"	57.93
SE	BASE CABINETS	SE-B12	"Base Cabinet 12""W × 34 1/2""H × 24""D"	83.01
SE	BASE CABINETS	SE-B15	"Base Cabinet 15""W × 34 1/2""H × 24""D"	93.85
SE	BASE CABINETS	SE-B18	"Base Cabinet 18""W × 34 1/2""H × 24""D"	102.32
SE	BASE CABINETS	SE-B21	"Base Cabinet 21""W × 34 1/2""H × 24""D"	111.13
SE	BASE CABINETS	SE-B24	"Base Cabinet 24""W × 34 1/2""H × 24""D"	123.66
SE	BASE CABINETS	SE-B27	"Base Cabinet 27""W × 34 1/2""H × 24""D"	133.83
SE	BASE CABINETS	SE-B30	"Base Cabinet 30""W × 34 1/2""H × 24""D"	147.04
SE	BASE CABINETS	SE-B33	"Base Cabinet 33""W × 34 1/2""H × 24""D"	167.71
SE	BASE CABINETS	SE-B36	"Base Cabinet 36""W × 34 1/2""H × 24""D"	176.18
SE	BASE CABINETS	SE-B42	"Base Cabinet 42""W × 34 1/2""H × 24""D"	203.96
SE	DRAWER BASE CABINETS	SE-DB12	"3 Drawer Base Cabinet 12""W × 34 1/2""H × 24""D"	141.93
SE	DRAWER BASE CABINETS	SE-DB15	"3 Drawer Base Cabinet 15""W × 34 1/2""H × 24""D"	155.75
SE	DRAWER BASE CABINETS	SE-DB18	"3 Drawer Base Cabinet 18""W × 34 1/2""H × 24""D"	166.33
SE	DRAWER BASE CABINETS	SE-DB21	"3 Drawer Base Cabinet 21""W × 34 1/2""H × 24""D"	176.49
SE	DRAWER BASE CABINETS	SE-DB24	"3 Drawer Base Cabinet 24""W × 34 1/2""H × 24""D"	187.07
SE	DRAWER BASE CABINETS	SE-DB30	"3 Drawer Base Cabinet 30""W × 34 1/2""H × 24""D"	211.06
SE	DRAWER BASE CABINETS	SE-DB36	"3 Drawer Base Cabinet 36""W × 34 1/2""H × 24""D"	239.93
SE	CORNER BASE CABINETS	SE-LS33	"Lazy Susan Base Cabinet 33""W × 34 1/2""H × 24""D "	210.39
SE	CORNER BASE CABINETS	SE-LS36	"Lazy Susan Base Cabinet 36""W × 34 1/2""H × 24""D "	227.33
SE	CORNER BASE CABINETS	SE-BLB36	"Blind Base Corner Cabinet, Pull to 39"" 36""W × 34 1/2""H × 24""D"	152.46
SE	CORNER BASE CABINETS	SE-BLB42	"Blind Base Corner Cabinet, Pull to 45"" 42""W × 34 1/2""H × 24""D"	180.24
SE	SINK BASE CABINETS	SE-SB30	"Sink Base Cabinet 30""W × 34 1/2""H × 24""D"	135.52
SE	SINK BASE CABINETS	SE-SB33	"Sink Base Cabinet 33""W × 34 1/2""H × 24""D"	148.03
SE	SINK BASE CABINETS	SE-SB36	"Sink Base Cabinet 36""W × 34 1/2""H × 24""D"	150.06
SE	SINK BASE CABINETS	SE-APSB36	"Apron Sink Base Cabinet 36""W × 34 1/2""H × 24""D"	180.07
SE	SPICE PULL OUT BASE CABINETS	SE-BSP06	"Base spice rack pull out cabinet 6""W × 34 1/2""H × 24""D"	115.09
SE	MICROWAVE BASE CABINETS	SE-BM30	"Base microwave cabinet 1 drawer 30""W × 34 1/2""H × 24""D"	138.2
SE	WALL CABINETS	SE-W0930	Wall cabinet 9"W x 30"H x 12"D	53.48
SE	WALL CABINETS	SE-W1230	Wall cabinet 12"W x 30"H x 12"D	58.97
SE	WALL CABINETS	SE-W1530	Wall cabinet 15"W x 30"H x 12"D	68.93
SE	WALL CABINETS	SE-W1830	Wall cabinet 18"W x 30"H x 12"D	78.28
SE	WALL CABINETS	SE-W2130	Wall cabinet 21"W x 30"H x 12"D	82.76
SE	WALL CABINETS	SE-W2430	Wall cabinet 24"W x 30"H x 12"D	99.63
SE	WALL CABINETS	SE-W2730	Wall cabinet 27"W x 30"H x 12"D	110.21
SE	WALL CABINETS	SE-W3030	Wall cabinet 30"W x 30"H x 12"D	118.54
SE	WALL CABINETS	SE-W3330	Wall cabinet 33"W x 30"H x 12"D	128.71
SE	WALL CABINETS	SE-W3630	Wall cabinet 36"W x 30"H x 12"D	136.84
SE	WALL CABINETS	SE-W0936	Wall cabinet 9"W x 36"H x 12"D	58.15
SE	WALL CABINETS	SE-W1236	Wall cabinet 12"W x 36"H x 12"D	67.1
SE	WALL CABINETS	SE-W1536	Wall cabinet 15"W x 36"H x 12"D	77.67
SE	WALL CABINETS	SE-W1836	Wall cabinet 18"W x 36"H x 12"D	87.43
SE	WALL CABINETS	SE-W2136	Wall cabinet 21"W x 36"H x 12"D	101.46
SE	WALL CABINETS	SE-W2436	Wall cabinet 24"W x 36"H x 12"D	112.48
SE	WALL CABINETS	SE-W2736	Wall cabinet 27"W x 36"H x 12"D	116.89
SE	WALL CABINETS	SE-W3036	Wall cabinet 30"W x 36"H x 12"D	133.83
SE	WALL CABINETS	SE-W3336	Wall cabinet 33"W x 36"H x 12"D	147.38
SE	WALL CABINETS	SE-W3636	Wall cabinet 36"W x 36"H x 12"D	159.24
SE	WALL CABINETS	SE-W0942	Wall cabinet 9"W x 42"H x 12"D	67.3
SE	WALL CABINETS	SE-W1242	Wall cabinet 12"W x 42"H x 12"D	76.45
SE	WALL CABINETS	SE-W1542	Wall cabinet 15"W x 42"H x 12"D	90.48
SE	WALL CABINETS	SE-W1842	Wall cabinet 18"W x 42"H x 12"D	102.89
SE	WALL CABINETS	SE-W2142	Wall cabinet 21"W x 42"H x 12"D	112.85
SE	WALL CABINETS	SE-W2442	Wall cabinet 24"W x 42"H x 12"D	135.83
SE	WALL CABINETS	SE-W2742	Wall cabinet 27"W x 42"H x 12"D	145.38
SE	WALL CABINETS	SE-W3042	Wall cabinet 30"W x 42"H x 12"D	156.36
SE	WALL CABINETS	SE-W3342	Wall cabinet 33"W x 42"H x 12"D	167.95
SE	WALL CABINETS	SE-W3642	Wall cabinet 36"W x 42"H x 12"D	180.97
SE	WALL CORNER CABINETS	SE-BLW2730	"Wall blind corner cabinet 27""W x 30""H x 12""D"	95.57
SE	WALL CORNER CABINETS	SE-BLW2736	"Wall blind corner cabinet 27""W x 36""H x 12""D"	107.56
SE	WALL CORNER CABINETS	SE-BLW2742	"Wall blind corner cabinet 27""W x 42""H x 12""D"	125.25
SE	WALL CORNER CABINETS	SE-WDC2430	"Wall diagonal corner cabinet 24""W x 30""H x 12""D"	149.81
SE	WALL CORNER CABINETS	SE-WDC2436	"Wall diagonal corner cabinet 24""W x 36""H x 12""D"	161.38
SE	WALL CORNER CABINETS	SE-WDC2442	"Wall diagonal corner cabinet 24""W x 42""H x 12""D"	185.35
SE	BRIDGE CABINETS	SE-W3012	Wall cabinet 30"W x 12"H x 12"D	66.9
SE	BRIDGE CABINETS	SE-W3015	Wall cabinet 30"W x 15"H x 12"D	74.62
SE	BRIDGE CABINETS	SE-W3018	Wall cabinet 30"W x 18"H x 12"D	81.33
SE	BRIDGE CABINETS	SE-W3024	Wall cabinet 30"W x 24"H x 12"D	97.19
SE	BRIDGE CABINETS	SE-W3612	Wall cabinet 36"W x 12"H x 12"D	73.61
SE	BRIDGE CABINETS	SE-W3615	Wall cabinet 36"W x 15"H x 12"D	79.3
SE	BRIDGE CABINETS	SE-W3618	Wall cabinet 36"W x 18"H x 12"D	88.65
SE	BRIDGE CABINETS	SE-W3624	Wall cabinet 36"W x 24"H x 12"D	114.48
SE	REFRIGERATOR CABINETS	SE-W361224	Wall cabinet 36"W x 12"H x 24"D	94.14
SE	REFRIGERATOR CABINETS	SE-W361524	Wall cabinet 36"W x 15"H x 24"D	99.43
SE	REFRIGERATOR CABINETS	SE-W361824	Wall cabinet 36"W x 18"H x 24"D	106.75
SE	REFRIGERATOR CABINETS	SE-W362424	Wall cabinet 36"W x 24"H x 24"D	138.88
SE	VANITY CABINETS	SE-VSB24	"Vanity sink base cabinet 24""W × 34.5""H × 21""D"	109.6
SE	VANITY CABINETS	SE-VSB27	"Vanity sink base cabinet 27""W × 34.5""H × 21""D"	117.93
SE	VANITY CABINETS	SE-VSB30	"Vanity sink base cabinet 30""W × 34.5""H × 21""D"	127.49
SE	VANITY CABINETS	SE-VSB36	"Vanity sink base cabinet 36""W × 34.5""H × 21""D"	144.98
SE	VANITY CABINETS	SE-VSDB42	Center sink vanity cabinet, one drawer on each side 42"W × 34.5"H × 21"D	209.61
SE	VANITY CABINETS	SE-VDB12	"Vanity drawer base cabinet 12""W × 34.5""H × 21""D"	160.69
SE	VANITY CABINETS	SE-VDB15	"Vanity drawer base cabinet 15""W × 34.5""H × 21""D"	179.53
SE	VANITY CABINETS	SE-VDB18	"Vanity drawer base cabinet 18""W × 34.5""H × 21""D"	191.16
SE	TALL CABINETS	SE-UC1884	Pantry cabinet 18"W × 84"H × 24"D	273.89
SE	TALL CABINETS	SE-UC1890	Pantry cabinet 18"W × 90"H × 24"D 	283.24
SE	TALL CABINETS	SE-UC1896	Pantry cabinet 18"W × 96"H × 24"D	296.46
SE	TALL CABINETS	SE-UC2484	Pantry cabinet 24"W × 84"H × 24"D	323.5
SE	TALL CABINETS	SE-UC2490	Pantry cabinet 24"W × 90"H × 24"D	336.51
SE	TALL CABINETS	SE-UC2496	Pantry cabinet 24"W × 96"H × 24"D	353.19
SE	TALL CABINETS	SE-OC3384	Oven Cabinet 33"W × 84"H × 24"D	399.75
SE	TALL CABINETS	SE-OC3390	Oven Cabinet 33"W × 90"H × 24"D	439.81
SE	TALL CABINETS	SE-OC3396	Oven Cabinet 33"W × 96"H × 24"D	471.93
SE	WALL ACCESSORY CABINETS	SE-WR3018	"Wall wine rack cabinet 30""W × 18""H × 12""D "	88.04
SE	ROLL OUT SHELF	SE-ROT15	15" Roll Out Shelf	64.18
SE	ROLL OUT SHELF	SE-ROT18	18" Roll Out Shelf	67.98
SE	ROLL OUT SHELF	SE-ROT21	21" Roll Out Shelf	72.96
SE	ROLL OUT SHELF	SE-ROT24	24" Roll Out Shelf	77.57
SE	ROLL OUT SHELF	SE-ROT27	27" Roll Out Shelf	82.15
SE	ROLL OUT SHELF	SE-ROT30	30" Roll Out Shelf	87.14
SE	ROLL OUT SHELF	SE-ROT33	33" Roll Out Shelf	92.15
SE	ROLL OUT SHELF	SE-ROT36	36" Roll Out Shelf	97.17
SE	FILLERS & MOLDINGS	SE-WF342	Wall Fillers  3"W x 42"H	12.71
SE	FILLERS & MOLDINGS	SE-WF642	Wall Fillers  6"W x 42"H	24.73
SE	FILLERS & MOLDINGS	SE-TF396	Tall Fillers  3"W x 96"H	28.01
SE	FILLERS & MOLDINGS	SE-TF696	Tall Fillers  6"W x 96"H	61.66
SE	FILLERS & MOLDINGS	SE-REP396	"Refrigerator Panel  3""W × 96""H × 24''D"	81.04
SE	FILLERS & MOLDINGS	SE-BP4296	"Finish Panel  42''W x 96''H x 1/4''D"	68.1
SE	FILLERS & MOLDINGS	SE-DWR3	"Dishwasher End Panel 3""W × 34 1/2""H × 24''D"	31.88
SE	FILLERS & MOLDINGS	SE-WDD1230	Decorative Door For 30" Tall Wall Cabinet 	24.14
SE	FILLERS & MOLDINGS	SE-WDD1236	Decorative Door For 36" Tall Wall Cabinet 	28.01
SE	FILLERS & MOLDINGS	SE-WDD1242	Decorative Door For 42" Tall Wall Cabinet 	31.66
SE	FILLERS & MOLDINGS	SE-BDD24	Decorative Door For 24"D Base Cabinet 	45.17
SE	FILLERS & MOLDINGS	SE-OCM8	"Outside Corner Molding 1""W x 96""H x 1""D"	18.22
SE	FILLERS & MOLDINGS	SE-QRM8	"Quarter Round Molding 3/4""W × 96""H × 3/4""D"	13.66
SE	FILLERS & MOLDINGS	SE-BM8	"Batten Molding 3/4""W × 96""H × 1/4""D"	8.2
SE	FILLERS & MOLDINGS	SE-TK96	"Toe Kick 96""W × 4 1/2""H × 1/4""D"	8.81
SE	FILLERS & MOLDINGS	SE-SM8	"Scribe Molding 3/4""W × 96""H × 1/4""D"	8.2
SE	FILLERS & MOLDINGS	SE-FBM8	"Furniture Base Molding 96""W × 4 1/2""H × 5/8""D"	39.4
SE	FILLERS & MOLDINGS	SE-KD24/30	Knee Drawer	77.3
SE	FILLERS & MOLDINGS	SE-KD30/36	Knee Drawer	85.96
SE	FILLERS & MOLDINGS	SE-CB7X9	Decorative Corbel	25.41
SE	FILLERS & MOLDINGS	SE-COV	Cove Crown Molding	58.76
SE	FILLERS & MOLDINGS	SE-BSK	"Base Skin Panel 23 1/4""W × 34 1/2""H × 1/4""D"	13.66
SE	FILLERS & MOLDINGS	SE-WS42	"Wall Skin Panel 15""W × 42""H × 1/4""D"	11.86
SE	FILLERS & MOLDINGS	SE-TLRM8	Light Rail Molding	42.13
SE	FILLERS & MOLDINGS	SE-TUK	Touch Up Kit	11.86
SE	FILLERS & MOLDINGS	SE-SD	Sample Door	10
